login_id,password_hash,patient_id
p001@epilepsycare.in,630ebd672ae881d51d04e0468b85a12e58e98ecddeba650be2a91070a8b1bf87,P001
p002@epilepsycare.in,534be1937015f5410c5b3c866c74d98e0845ff6e75b2c38fa2a61eb022cc3370,P002
p003@epilepsycare.in,f876806229501a0748921f10fbe9fcf983d8fd8ade026c7a319dd2ff23ec9503,P003
p004@epilepsycare.in,371c2ddab78a6fb8fce85df0eb46966363ad25633e77a1db107b0843d38179fb,P004
p005@epilepsycare.in,a32f19bfd1a4311d318c94627923752e35cf3508aa162033467c337cddf4bdf3,P005
p006@epilepsycare.in,186198b807b63740a9f72e839f09b67a7ca970636827273e44b1d57197ff7ad5,P006
p007@epilepsycare.in,955c9317a0ddfe1a82a2cb71d48dcc93460a2c4f73c28f46e1331fbbe7a9e0a7,P007
p008@epilepsycare.in,5f91e2b846e8637f010a69c5f768b025c1bed92217cb3e85b7997930f50c52f5,P008
p009@epilepsycare.in,0076f403ba527a148d58bc2971c073da266126794e619cfd2464be3c539d04e7,P009
p010@epilepsycare.in,4ad4c24c46320c1ecba44431cf7bc8583354f7e93c1a4608be89dfc3ae9295c8,P010
p011@epilepsycare.in,b412f9a69ff811fd3c85de5740ec8fd59aca768a9218eac84a46067879313b50,P011
p012@epilepsycare.in,0e19160cdfacfe48b6a3780ee855977ef6d4cdbe99d110c0a8b19176bee4ee8e,P012
p013@epilepsycare.in,16a70cec2b44e8136ecdd59de29b1e935f4d169b82931b10dd0a441ad24accf5,P013
p014@epilepsycare.in,30c91dd541e40bd8584a993b57305702891516bc0f80a125c49089713c99c6ec,P014
p015@epilepsycare.in,6c81a61bf7324fa588451c5cda1a09daf103cccac1037c4bfad6e6c7886af3fa,P015
p016@epilepsycare.in,dda4bc1f7c1159fd2f29ba579d0c74462dd4b37d8f9442f5a1f5836a5e2b7c4f,P016
p017@epilepsycare.in,d9b0294ab35e0e8f5b429f63d64d0997ee1e0cb4b49c52d56d1e51f0945724da,P017
p018@epilepsycare.in,8a6924f35d64a386d8894f4cfb655c00b9d03ab3e991ba2d4c1ee15f968e2124,P018
p019@epilepsycare.in,f2d2669e29653fe4bed1ba6c0e35ae54f5b095105fc419969c12ff0210ec03df,P019
p020@epilepsycare.in,5edfdd07517bc04531a29b767afc0c873e0b7f1babe51c7b18e192afb6c92b95,P020
p021@epilepsycare.in,c8976bb6c72768069e34d61b7a29a71b6ca4869c1181435694d325fbfae30a8d,P021
p022@epilepsycare.in,15e7b8f7232ab90bf01688f0d310a9aafa2b17575b35284b307e15d5d26564fc,P022
p023@epilepsycare.in,6ed48062119e41a332e06ce31f97da47b0beff35a65495b7809c8a9693a83127,P023
p024@epilepsycare.in,d15d3a6892897e960d3850c9a48f0677150051cfa3a5981d999943863473bda5,P024
p025@epilepsycare.in,fbb663a6cea794db256aed5df166d54d0b0f4cc68bb0c0ab558b792812c541b7,P025
p026@epilepsycare.in,6b758d3b745d6ac12a7a4ef4279f85628554efbd9b8af76a1f2eaad9fb663b44,P026
p027@epilepsycare.in,6f019717b3690ecbd50b1392a7de33168e69fd8c13579ef52b0aaf0e77e0f19e,P027
p028@epilepsycare.in,fcb862af853540dc684f051d9cddfd3592dee3e74385c40494f5efd102958b7d,P028
p029@epilepsycare.in,ce1f6784bedde0d97a9bed7a8753b47467fcfbd0065f11e7b6b4555cef73ed90,P029
p030@epilepsycare.in,89b26663bad2debf6968107cb1fc9b6a7bb7a3b785ad1d67e17bac401947966c,P030
p031@epilepsycare.in,3cdd037cc3ace35cdd5ee9e19ec48881d909e8ab91e2fb6ea7e061c1be85b704,P031
p032@epilepsycare.in,366bcd93c9844e6e61a60eed4ae8b7fbc57d2a45d4f6c4c90c9b68bb6be4516b,P032
p033@epilepsycare.in,53ee8aec9cdf59addf6a990783e5c919f13ddfd705817fc0513c30d9edc57937,P033
p034@epilepsycare.in,54f7b3bfd51c2ad6e578dba8c0aff6d444d66b669cb5e5b70fecb05e079ea15b,P034
p035@epilepsycare.in,07bf9d098013918fc82ec6964045a69990289c2c4fc9d5f8629bfd73b5d03ccb,P035
p036@epilepsycare.in,2fcc5240b31ea1dca6bb3c32217afe26b2650072c9dff0760e78eca0e624bdf4,P036
p037@epilepsycare.in,be98c409df79a630899e8297734729afbd15275827df76a6afe0463f0a91ade5,P037
p038@epilepsycare.in,6375c24c441b1b2b1e7c84d46a8c2763a877fec6e99f4e50d21814f94a3e8304,P038
p039@epilepsycare.in,66f06dd254119260317d130355710ff2c003cba3843d23e64a3e15bb40f7b258,P039
p040@epilepsycare.in,346b9a6a94ed8ebb0c5336b32093775fa8db76a90a65d76f9e39b197b275e2b7,P040
p041@epilepsycare.in,3f352f512de1b1a3b22e0604be79edc3417e5d67375920e387b4f0568e872ac2,P041
p042@epilepsycare.in,5f28e590a7fac7a3961f5784c31f24e24572214b31d6fffeaba2ba79859522bd,P042
p043@epilepsycare.in,6639ec7ec0bc25073a1101c57f4396bad8de3f34de905c4b19a2f9002f46252a,P043
p044@epilepsycare.in,3e6ba2d3c01b2fab1e6c3fd404948a93d912f412ae7cb277256c43ee30012d42,P044
p045@epilepsycare.in,11ec28818110ce9708436610bd9a75eb5202b3640cd4c98911d72eece1a157d3,P045
p046@epilepsycare.in,8232c0b0fae5240f5b1fb57bacbfe2395df6d3c0062a699340234e909785047f,P046
p047@epilepsycare.in,35889be74393b53bf212ceb489b48ee604410b3351b39a5da75e3067259f88f7,P047
p048@epilepsycare.in,5f08d1bc4378906649664a298ac11d87bf631b9d714572dd7445ae8833b7fbaa,P048
p049@epilepsycare.in,55c233c9e90f4d03c19f462163d13e08498442fb2bd3b760e7d142fefa661c96,P049
p050@epilepsycare.in,98afd95e97b309994c33c2ab255f2ba608a1fb4edf300b6342a8d04d0eb4dcf8,P050
p051@epilepsycare.in,7fbe1e0cd827d29cde6b2bcaf320c6591cd8eda6bc4a0d8b821bd0f2272e3971,P051
p052@epilepsycare.in,2942c7c0de81b975ac7de20c1546e25ea856a04025539fc9182a103784493874,P052
p053@epilepsycare.in,f4d75a788b4656118623df3e6d2e46e84bcc009d501b30af472a14d66ca4903b,P053
p054@epilepsycare.in,dcb285d271d6e7731d0b4c91097c31d1b275ee27695e3679e4808517e316fd95,P054
p055@epilepsycare.in,5178f89471880d825ac26bb5d3999a3f1efb834644450865e51a697310d977d2,P055
p056@epilepsycare.in,c6187d2b5aee3e8efe41a05eb4fe7285016f8963bec70d8a3c3310027671a0f7,P056
p057@epilepsycare.in,b3636a5e1f80748bf75005b9b5513fd59549ab858977c7c5ce4f3df10d3e0f1e,P057
p058@epilepsycare.in,f73ce53f2028beed9230895dcbaa17778ff8b7064fd1004ca5ebee055af9a96c,P058
p059@epilepsycare.in,ff5214e275d176b7d73221f0c1d2385b1d4fcff899bf8648658b2c91e889da0a,P059
p060@epilepsycare.in,8369aedbf814ea9c80a0ef75ba63498f486aca36c90694325672b5986605f7da,P060
p061@epilepsycare.in,65d74ff5b230ccbfb4fe431ab21c4169957c3690dd342eefaf3d181ffa30b774,P061
p062@epilepsycare.in,8e07f5bfd7b7f8066108cfa9d7fbc7b5fa5ec334c5b4e8c91d75ab3acb4cb34d,P062
p063@epilepsycare.in,35aaaa8a2491adc85ead6d8763a602766bfe483f2c9b2dc822a66021828e8a54,P063
p064@epilepsycare.in,22efcea6cd42bda5bd39d3fd051d4e25886e820bdfebd555b7ab02848b50c6b2,P064
p065@epilepsycare.in,c793e334fe322b5069fa1e37ba51a4646647ce09679d599b5b0fab06431df787,P065
p066@epilepsycare.in,0087773208f1e943fa18984153083daca2a9368d8ede8f9617164238387736c5,P066
p067@epilepsycare.in,54759e574de79239897c4a29b1af3a03bf0461b6013d5c70171605ee8ea186e7,P067
p068@epilepsycare.in,40232cb681a1bd02ae6c01f3a90fd7521455f832f7a9e2490adcdf90d4475ab6,P068
p069@epilepsycare.in,f216ac5a8a9b090aeef4f6513b3840caa09ebc7cab1387125a9b8c6412c4301d,P069
p070@epilepsycare.in,3744070d0c27b5ed02b878c06a4d41c905f09bf70d41af1dcd0beeb97c0a77fd,P070
p071@epilepsycare.in,075678ac835851e9f3c49bc4feb06f0dee27cd4c851946863702ba40ac3df555,P071
p072@epilepsycare.in,84467e01d7f8e037ec92764ebbf2b4705c7bd4f7daa4985793acd9e8b30c2699,P072
p073@epilepsycare.in,b2e64338e995597bdc4f576a0a29e8c87a4f7e7d70f663b62f24d2f31be7ea94,P073
p074@epilepsycare.in,695c8c3a0c1dff1d0d0bc4fcedf7fde2934dc28d57b5a4d5415e402f3daf93ee,P074
p075@epilepsycare.in,51e2287a360ec95f9691418d1faeb8b63eda00e16d90de5e47ffdd6c0b045165,P075
p076@epilepsycare.in,cbba8c0fc3a79639d4fa33a4ba77ad942b5d7d563291f16e6c45a86c0cb76e50,P076
p077@epilepsycare.in,11328267e078d8d89edac5ba033f82fd92827a2c6dc9d270eab6b5fd3aee9d1e,P077
p078@epilepsycare.in,5873813e6f28ac66a0cd2b25ead96227c8a22ff7428d0329672fcfc03415e3b8,P078
p079@epilepsycare.in,38e0002187831190d57795603df4857827d68b6541febe87a45d243a6c2fe68c,P079
p080@epilepsycare.in,231fed07dc5afe70059e41e499cc4c2f7569e954fbc1854dd5b3792a6e19027e,P080
p081@epilepsycare.in,6d81a5173c6b420fe6edd6f74812cfc65b6704a52483508d40c6449b527710fb,P081
p082@epilepsycare.in,248c12fa575d23bb47a8e0470ca5cb2ac0f0e86ed498912020255dab76016014,P082
p083@epilepsycare.in,b146da894fbecba3194eb1291aea71a9d88dbcd64e992846c5d49106fef63a64,P083
p084@epilepsycare.in,6bf303945aabef11e2233b2564f48c6a410578e24aaca0a77fab9062cf0cc257,P084
p085@epilepsycare.in,1031acb5bbae86c5ef06f7da7a998a9325381c38ad43615c17afeabe97a9991e,P085
p086@epilepsycare.in,9889aaa630cd1466127ceb8e3ed113bfd9f6b29d87e22f062e9c4ff78329662f,P086
p087@epilepsycare.in,0708b22c933ea85cdca21d4c6d9eaad65efa8ce504d6dfbcaf99b7744893adf2,P087
p088@epilepsycare.in,b07ecf36092290ba7998846f4e92ec3848deba00eabacb736fc1e93bc89f97e6,P088
p089@epilepsycare.in,15a12270a4f0aae2aaf3a43c4eecc964a096959815ef01e60c7ead8f369926b7,P089
p090@epilepsycare.in,5533cfb9846184d2623213367e606e7b8944a427050fb89dd2f668005c5ff082,P090
p091@epilepsycare.in,b3a98f2b2557570a86cd34db1853784b811c491761e9c9ee431390b8fe307e19,P091
p092@epilepsycare.in,d1241564d927b2a31c7f97f265f58dea588cb93379209870b80c08b50756eacd,P092
p093@epilepsycare.in,9f13bb2868ba211e0312c9012d80281b68494e5a418147c23e918ca642052f6f,P093
p094@epilepsycare.in,347765d658d0a196d30159a89813e7eeaf4be3993a9124ab3d2578b683d96806,P094
p095@epilepsycare.in,eabe83b3211e3abfbf468aa725c801f47cef28345fb6418fb27ace8a804d8be8,P095
p096@epilepsycare.in,35636dd4ae8c59d1e0283a349f565222a3fc6b5baf684684b3b3027109a865e9,P096
p097@epilepsycare.in,ff8276d764eb3fba984790f9b99cf624629a3097a3a3f9a3fda0923c1d91027c,P097
p098@epilepsycare.in,b1f8ce8a94ad6493ff74d6ffe3bfc72cbc131cc9da3044d7ace91e800ed9caed,P098
p099@epilepsycare.in,d4d9a31b6ba24cc28f6dc420cd9d4d8f5aad2f9566a2df89a28c8431373d6961,P099
p100@epilepsycare.in,72a92e6a2e887b9e06128b1e40f0941f0165d180c276104405daec425c78e250,P100
p101@epilepsycare.in,1efedc82373e375f8ecaf7f51628589e65d6dd933681a447fd107309ca3cf977,P101
p102@epilepsycare.in,1e760191bef727b4037aa9f8f33d8e4d0ea34bdcc41a2627f7c35274a1ae1454,P102
p103@epilepsycare.in,781e2a5f03714fd906dc36d441bc25170b5545820037a3a1aac03663de7a8926,P103
p104@epilepsycare.in,01c1e9cbc0d8987aee6ab1ef62064644096fbb0715790b23d93387f6632116c6,P104
p105@epilepsycare.in,ab78e1d5db50fb9edfefe914d81570a2910612f517e4c84eb87025478d3fb4b6,P105
p106@epilepsycare.in,87fadd3a32084c918e6a66faf6f373d03aa6d94ef3dad41cc5313ef0d511e43b,P106
p107@epilepsycare.in,91d7b3415d2f9e9b358a154c3c09a90c57ecc51ff17e735238746358bb90f9e6,P107
p108@epilepsycare.in,219fbc02ddb34b78ebe27fd02545e057a0be45b8ca175b6f715f057cd693e5fa,P108
p109@epilepsycare.in,f57f36493b4f2d5a6fa76d6bc20de76045aafca2cbb85afdd0a3b370ab91a51b,P109
p110@epilepsycare.in,17d7d29fb483dd30e3bea5b701e1c5fcdaa9a29e33e4aea258a96701fbafcbc8,P110
p111@epilepsycare.in,cbda63fadf2e3e1ea6747c96bf8b38d3acbde0221cf8719ee4b1b2b2c8690be5,P111
p112@epilepsycare.in,6f4012729310f90667e4e11ffee34b97c4320c9b055700124a9a4a0289800042,P112
p113@epilepsycare.in,c9ee45e2cbfed04496bb4e96bc8f53a12e2ab70a9e420957fa0dd1f5982d8213,P113
p114@epilepsycare.in,dfeb9450d92333993f77b7ee2c718037b2a207e0b1c886210f56eaba381ce7dc,P114
p115@epilepsycare.in,2ad764746309df1de73b9c96d7ed6e0d287930e7d32b81d1a96d3d0a065aef39,P115
p116@epilepsycare.in,b8247217bf1594788e7c55116718213f3fb17e865ff56ce1034a09b3bdcf1a7f,P116
p117@epilepsycare.in,8ba3565c485e82a5bd4a8a875bf20a10080fef273bdbc512b420deb07af42662,P117
p118@epilepsycare.in,14b282cb7af8ac7f0abb2489d021ce9e2a69b242677188535a832422c9092ea4,P118
p119@epilepsycare.in,fc66e28b5724ed7f0aa419e5f80a7618cb4812aea57f2fee7dfdcf6c342d390a,P119
p120@epilepsycare.in,a337af1f5e5e19f21f12d5360df7d4b05051cc0cbc608036654d422c319bf719,P120
p121@epilepsycare.in,81c5eb36cc788638dfba596b064f6d0cb115f5ad620471d7cd573a90f9bbf3d2,P121
p122@epilepsycare.in,3daf956d404ca8de3235820bdbc0bb96fe9eb052f40659ae16f170cfa30dd91c,P122
p123@epilepsycare.in,1b2e124e099648664977dd030ebd71c49f6f50598d37aa00efa4fdf00b239c3e,P123
p124@epilepsycare.in,87174e5a0dec6f2e28ccb4f5c0f2c8c6d0a353d668c9654cfeb7b672003fdb1a,P124
p125@epilepsycare.in,d391092dcb538f30fd6a79f6e4a7c43c6806649f4cd4ad80b25790dd8369ac7c,P125
p126@epilepsycare.in,62bb5aa7fb8ab95df50d9661e86f9b64312697a3316d07998751223ae0f290c7,P126
p127@epilepsycare.in,4c3778f87ab09a4c13696558885347db8700e3da9252742de2c1cb7b9db17188,P127
p128@epilepsycare.in,7fd89fc3d4be18a35f91af49c955f284dd81738a141fc44eb0c3be89bbd1e5cb,P128
p129@epilepsycare.in,33f30b555d4f9084adb4fb5b2ce68181f274089b5243109384a1ecd190089679,P129
p130@epilepsycare.in,8a7617585113a7f865b476e86e19f057ced6f9554b4cd4e69935ae939e2fc6d2,P130
p131@epilepsycare.in,3f09a9fcf1e0e5f11d6cf8096ae6e4053b5b9420f2ff3234138d5a91162cb023,P131
p132@epilepsycare.in,e2b22dc324e9f6bcdebf85eaf31e04fc7c14e589daf3bb79f8ac6bdf14c0fc5d,P132
p133@epilepsycare.in,14dead554991289e2375a6748faeab08d017a0c2e124d517dfd474f5e6c5ded8,P133
p134@epilepsycare.in,1d788bcb84d4e24739480599664fb694e50fdb496d1478a938491ebe445f936a,P134
p135@epilepsycare.in,4691481985799383e862fdc9b14ac9e0048f23084962f976df10d957a132ba46,P135
p136@epilepsycare.in,996c8b4e079e4299dd81582b5b1e77980aada42c3d8f913c584ebebe09fdb214,P136
p137@epilepsycare.in,920dcf116f9806e5c15cd1e297ba2892d3415a534b53593e3774292afab8a7bb,P137
p138@epilepsycare.in,e5a650740541370048d7683e1390b075e5ea9a14be8b63145a8126182a72b764,P138
p139@epilepsycare.in,6329ec365df64fe625bd04b3f7499411a9d679a6bc9a8fc98dc84bfe5dbf5723,P139
p140@epilepsycare.in,8d864790270cb98b210f9a03316a664499af23bafa7d8e24f44f8804c613e747,P140
p141@epilepsycare.in,40797ed4d09822aa3cf11ba46f50a883a4445b8b7f404424c2209db289ff48f1,P141
p142@epilepsycare.in,c11f31c291721851158a68123aef5da775ad4969247414ba21e9b62088e2d945,P142
p143@epilepsycare.in,320df8ab1a4a4ff25b27ff50b8468e6bdbdbb6be429363da8677a07b5d9fb663,P143
p144@epilepsycare.in,ee9eff2ffb1f1fea2b75af0c3d306fe47e5ede34617bd6d87772429daea23e85,P144
p145@epilepsycare.in,0d93380f1cc23b0cb863872c3f3264a48e3bc77085701916ee8526161fbde60e,P145
p146@epilepsycare.in,c458a86df4a5a430b21f82f6bfaa614cbb5085e80519753dc840833b5e67eb5d,P146
p147@epilepsycare.in,971920cdd40d387ba8b238dc90341e4c40716b62fa47d8dc19d26d8503590bbb,P147
p148@epilepsycare.in,d00477840857394794fb42d0b808116ecffbcade47c25b9cd8cdf53e9cc19652,P148
p149@epilepsycare.in,7096bb58e6dff72b0383369846122dbccfca6beeb4d65196de1eb5b3376f472e,P149
p150@epilepsycare.in,ec08f05f48d7d2f58cf120b591c93866b6ce3e46d8dff3188ac2ece6df5a809b,P150
p151@epilepsycare.in,93f2d1203ca8e5ffb1588cbb42e6280d6aaf91b7f24e78a884d4b21351d70440,P151
p152@epilepsycare.in,df9fb03a52b99fd72ec04bbe35daa61cfa5486cf390bb9115dfe2c8b51ef09ea,P152
p153@epilepsycare.in,9158d60399c9300532b0b38c6763328642307df87fa29fa6d13a4904b16a4bdd,P153
p154@epilepsycare.in,1e3b1ef910502485964e65abc06700fc917164bb57dd86b05e34906548797c58,P154
p155@epilepsycare.in,b46ee9e6fbe52c3d5d0b509ce152a5b21dd1571a6ec2dfc65eb212c89857dfa0,P155
p156@epilepsycare.in,3b36a02dc304d9ec86931f46f0389f4bb67c75bcb021088426f5d7b720ddcbdf,P156
p157@epilepsycare.in,69ebbb1a586540ef61aa9ee90069a23279b7233a9a8ddfcbb8305b0a73e07fce,P157
p158@epilepsycare.in,a19c01e683d533f7e51912874157a6eed8e6cf20eef446f6a6812e15300883ea,P158
p159@epilepsycare.in,a16a2d19629826eed1d9db5fab751612e7a3f7904bbb5607681ff6f7e38f1656,P159
p160@epilepsycare.in,e1cfafccbf29be58556e66230f7514346562a7b1e192c93afa9934d61df7c7a0,P160
p161@epilepsycare.in,04fcbbe1a2dec5b690a7d80afe6c3f430e098e471416c604a530aa839c5e9dad,P161
p162@epilepsycare.in,2a5666fe3356b034ae1f83b732d3b4b3bdc1e7e098db519a3803e3e35b79d665,P162
p163@epilepsycare.in,ce29d88365e3064aa4dc17dd263023f8fbf581055411df0c4c5b726dcb7caf3f,P163
p164@epilepsycare.in,02dd95a17d3a98f8a52b1aff417d41cdc61832f914b9599eb1b818fca29304a8,P164
p165@epilepsycare.in,f7c33a3929ea92ce02d43658633c01fe508bdf2e5bd4810029d44be27c5c7ac9,P165
p166@epilepsycare.in,9c5857a7d9af0b0805cfa0c19b431b0acdb9bddff0abda11d32c063b7c533b5f,P166
p167@epilepsycare.in,3385d4fe6fb502f4132d84b4f8f8f7df37b5c596308c6ec4f1d9a9edeaf3e89d,P167
p168@epilepsycare.in,3af39db24ea69aaaf3e47f9ca184ef410614c18c2e180b3edd416808fb16e3a8,P168
p169@epilepsycare.in,44e16ad71ec469cb42623a51a51dcc77985d3eb7e8f780fd3d60fd21b8cda741,P169
p170@epilepsycare.in,926a37a955acb2b401a286a78f1d5e82fb6d2f835c5d985153e4568f0e157991,P170
p171@epilepsycare.in,25ef51005b11b966c0f9a462a0e635bdc9b7317287ceb50fe9a63d51477ccf74,P171
p172@epilepsycare.in,c9e6938adcf1ab3baed46c2e6b001d9ab633e532c44b685c94fe73b513eccc37,P172
p173@epilepsycare.in,0773e739755b160ad951a2913a20201a0c63aa126bea8e7b26dbe7e2f68c1543,P173
p174@epilepsycare.in,d49b119994495c9b9fed912c414e41e5f1a99609eefa401a2798d1911bb38e57,P174
p175@epilepsycare.in,05e6a9527aefbc284b41dcc75d269cf78eeccb45a20d9f1efcdb7e3a7ff57c7f,P175
p176@epilepsycare.in,afe765ce8890fe452888d083ec3e52690299d6c1440f575bd7b11c8f1fdd9ae8,P176
p177@epilepsycare.in,f26b72d0a243714a15327e64623738b8f36c35096cd4d3868285d8cf64b793ee,P177
p178@epilepsycare.in,7205251ebf3de9632c3ce3b09a75db5fc076a1ea7cfd049aabe9950f4141a2fb,P178
p179@epilepsycare.in,9d49f491c86f16e900a20a1470ded0c38d9a9636baf442c1bec6bf1430fd0b78,P179
p180@epilepsycare.in,72645098db9b5a7592240e5d0d237a27c6ef1fc181c0f9486e6d199f60994adf,P180
p181@epilepsycare.in,8e818f2570ba52593ac1a0c44954b9445423b55678620e4a19e1c7a250018404,P181
p182@epilepsycare.in,4e17b52fc0849b48dd8a86bfc73668c47d046fa83f9dbf60afc0f47949e48658,P182
p183@epilepsycare.in,66f359c6b0bb79f8fbc7fde65f86c1c5a1c0c1e5032ef1416265be7486e4c539,P183
p184@epilepsycare.in,e3dc8731fc2ffe2ea98c2c9601d389e2dae0cf60ced3fd3569dfa6e64e54eabc,P184
p185@epilepsycare.in,b73e17d4727ac4afbdf8eee88ea6c6adde26344374b62f91dc12cf295e208d5e,P185
p186@epilepsycare.in,905ed438dfd7d4609821d92176c106e14fa3e6cd643c2bf1a51466d30b525782,P186
p187@epilepsycare.in,781301a1a203b55b69c08c27eb788abc7bd68d0e8eb55dda0aa41b76da175d52,P187
p188@epilepsycare.in,8a58b6a510a4607bc2785e3392c840e1451b88c5612205a6a82a6e3fd0fd634a,P188
p189@epilepsycare.in,86a825cd9ca382e5da2349823d4bb79226c1d6ef3579548a5488413e786b2caa,P189
p190@epilepsycare.in,e4aa0215e5cb37236cbafa3f681c9f329419a6092072216fd90120ef053490e9,P190
p191@epilepsycare.in,87e7a86c37db8f407e597c50f3e321d883da2dd356bdcb5e388591320f33ff03,P191
p192@epilepsycare.in,3e41f0bd6d2ede0fbc2cc63a9b47635009971700935ae43db3d675a11c4fe0b4,P192
p193@epilepsycare.in,47155ec8e40fba5d7085506f2c55d852a06a85376088f2e6c7fa981642eeea0d,P193
p194@epilepsycare.in,e1e0e7917974b67948149ef473ec1a5095f02474859fc4dfe2110cb3485689ab,P194
p195@epilepsycare.in,753c7fab67add1111b608d54578ce3f1dd324282b452daa33edf66921d2abcd9,P195
p196@epilepsycare.in,783e2aeb3331fb91bcfdfdfd0b137299a51fe654994ed65137a546fdc5f3ee48,P196
p197@epilepsycare.in,c7bdc51e9b1c79cdbe19ae0ce9341b74597a73669385ca899b25a3832c0da45e,P197
p198@epilepsycare.in,1c5cded2ff77941f94c081cd3812a92413667e08db04ee19a606a8f5a83f5a76,P198
p199@epilepsycare.in,33803c71eeb50b8cd6b8d738addafebaabe2633e59263a408118131c0486152b,P199
p200@epilepsycare.in,1e94dbea930abfeafdc4f8bcec065a9b13127560a66dd7f63f7dbdfec0c1b2a9,P200
p201@epilepsycare.in,c0173aa393a81e763c2c79e13f4ec2737750089e555eabd7e98d3048e89697cb,P201
p202@epilepsycare.in,96e066df4c4336e3a3cff29dc31dd099f68b874fa6917374019e8bea7ed352c4,P202
p203@epilepsycare.in,98ea076d8e188c68b2585610b2ddf88687e36766789d77e157453786b880f34e,P203
p204@epilepsycare.in,0851d5e2bdd894f367d441a963591ae5d6f69b1a51c345fc403d29d4e87b5a36,P204
p205@epilepsycare.in,e35bd9561da9ae8648ce2340f9b5c3730175c643f32525ed35805d1389148f22,P205
p206@epilepsycare.in,b59967779236dcd74b4ce86b730721c325bf77a7886990e930e38d04eb9dda87,P206
p207@epilepsycare.in,116b7abc1b2ad1e178c9ac2cb2bfe58f73347cd0146154500e17b17add2295a5,P207
p208@epilepsycare.in,88155d395d3f86492ef908d553c1df0333facfb46a56c476af39af88f4fafd65,P208
p209@epilepsycare.in,89b47b91752312f6a87ff3add57d1a0112306b609c080f8b715c831b7c5c8bfb,P209
p210@epilepsycare.in,7d2f748f28022063f3b2871feff725e15352c0f3587e193e0d3fd950dab66901,P210
p211@epilepsycare.in,110b19a61d599c39c2fefb354cd2230a1e562594c1a059b201c6de95fe95ad62,P211
p212@epilepsycare.in,cc32a648689ca227c1202c0cc2f686e52dc696127c5227eab30e2b3a74eb3d7c,P212
p213@epilepsycare.in,304e5915d9b9765998a05c3087789ab70257c5562e825278c67d09231f4d9d22,P213
p214@epilepsycare.in,1bbfc4c404b8d3fa5d9287631f03e07ec3bbd1e4792f1e0a9fe8c1996fad4078,P214
p215@epilepsycare.in,afc2a66b48bc684ebd6ea5e04fb85de8807a7ca951c68e5d64afc6945aae9a68,P215
p216@epilepsycare.in,3285e2710b6c41dc99466e463ebd296f835946599a904386f2d4af377cd024b9,P216
p217@epilepsycare.in,44037e10ee84ac0469b388180c3d60af104c0a98e5be15a42cef86e4c7c5dcf1,P217
p218@epilepsycare.in,fd8a34bfd5c9a06fdab76a3549f64eac78f012369a76502d91cfac3288228829,P218
p219@epilepsycare.in,1336213e9a4d555289d0f3cb713a7145c57dae94e1e84aea2ba79f9f6404cf24,P219
p220@epilepsycare.in,311503217c4300bf7bd0c943f97e6020e560ebdaee2da3cac5a47eda85a0498a,P220
p221@epilepsycare.in,e75de88d3d72d3a151a3f4d76c0f6a835d4cdb3390c909bf448036be88ee1a5f,P221
p222@epilepsycare.in,18e93512034350c3c54c1f6dfc23a84174761c3650f89fb6781fd2e897afb6e7,P222
p223@epilepsycare.in,dc1940f2b86218742954252346db56af77212c1345768d1c2846c96682c4a82b,P223
p224@epilepsycare.in,7c3f757a02ce0e39e301422eb658cea9911d1ea211fe0c722b433c4ba7035a9b,P224
p225@epilepsycare.in,a4d8f9e52648ff637cbe646903930dd22f0de24741e7606a0a77ebbeab838dbe,P225
p226@epilepsycare.in,f62053208976aab52b89d1d2f3756f60c5305d2c217c62f101284e2cf1f2a88b,P226
p227@epilepsycare.in,d6614103dd513161325eac18d71ef62fd2669a0ee13ef5950664035d3b62f6d7,P227
p228@epilepsycare.in,fe45807a6e9e07438461601785a68e45f82dfa644414844bb956a26366e927c0,P228
p229@epilepsycare.in,1ab8b8421c6ecaf39a18d68cc5ef79bef2aae8b755b290b2172553f127bfc13c,P229
p230@epilepsycare.in,a07675cd71f66a4219c2e091e63ad19862304a6583676572c90a22d858d418d4,P230
p231@epilepsycare.in,508d7f929c273fb6b0653a036a560c430ae7615f6cc3d28f2d36049c3a0218a3,P231
p232@epilepsycare.in,9803bd9bc356154296205757ce09f8b381eafe2424386853250e48cfa07b8397,P232
p233@epilepsycare.in,8a14cdf028eb764cd9ab2f9ae53efff69e3ed82bcd64b19af4757a733ea64d24,P233
p234@epilepsycare.in,b99a3f38ce36077b676e4d3f344debb5c9ecfe8a70972110a2e350973e18193b,P234
p235@epilepsycare.in,aeedb9f137d756cf4c4fed02185801552cdba8a2947b365c1656812c94226419,P235
p236@epilepsycare.in,d515e73f041e213d69a8dc7a7d8b3e302196069915507ca7e901c08f4ebd9470,P236
p237@epilepsycare.in,8b739ac6bd34539b3ed9cf57a54cdd0c6c8bbf57111c6a66a50b8e0a07b0e306,P237
p238@epilepsycare.in,f44c4237713b185fc095289affa04f8d2601575bc93d32a1649e861370f7fd22,P238
p239@epilepsycare.in,436591a76054da159472ffae87c8a83af9b6f5d19a8a7ef682fc728af21e5fee,P239
p240@epilepsycare.in,004a1a2352c546b6dff08947f4bd7156e62267f61e1787fc17533d097dfb80ee,P240
p241@epilepsycare.in,aee6d559b46681cbb1b62ee5d1c84c44a86f6c99b99d6437b464ffd428e32164,P241
p242@epilepsycare.in,0582c213646daad0d4c1f191096895cc867229794ed5286252d6126eb5804099,P242
p243@epilepsycare.in,e9ca887b5f61b6e2493251c23273e1130d5d7b509403d26924f3e72fa05b276f,P243
p244@epilepsycare.in,6f19ecaf3be698ebeeee059f5ef08c2f463c81621a118d51c1cd66251a1d59c9,P244
p245@epilepsycare.in,1897dfdf7e3ce37593873ee592285bb09a6ad428ebc03c8931ccc486725003fb,P245
p246@epilepsycare.in,2afff4e46a169004f2074b34bd3113012d7fbc4ac497e29202682532e060c914,P246
p247@epilepsycare.in,6a3cf56ed31e6ccb684c8d46bbc9f1c2fc82e570bd3ce8c6ba5115be1925278b,P247
p248@epilepsycare.in,6acc9b97f026cd51b4051a8ec08568c3d512fbd226ceb799154e83558b9dcc65,P248
p249@epilepsycare.in,8af68d4fd7ef1b3a5e9703146b1e6ac0f8a9523afa20f8afc617d532dfee60ac,P249
p250@epilepsycare.in,e83e6bc3c9cd73e08a68dc2bef1d0c3bfd6a29889c5176c11dec0f32bc8288ce,P250
p251@epilepsycare.in,e076099e286ff86a5861f28e34c5605993077631fe86d7dc13525720167abe54,P251
p252@epilepsycare.in,295372f228ad361c438a6013dd637e71fcee3dcc739de501bdffe507beec05d1,P252
p253@epilepsycare.in,2a86d0aeccd98506a87ebf1643cfb86f3bf77f2b91042d9129690ffbcaea59d2,P253
p254@epilepsycare.in,51929f8dc4e707d4b6c47005fbeba45f7b54d32da0ee8b2ccb0afca883a9b2eb,P254
p255@epilepsycare.in,b185840cf405be634544e20cd5051321e6d81235d1dea2b77d75e3a420006749,P255
p256@epilepsycare.in,870c8e5582ee787f110239206a36cf4d7017f0646014a1cc2b17d9331ce6f873,P256
p257@epilepsycare.in,408ee995c10c9831898bb284d9454bc391a5272f561ea1e78b9937574fa9bf55,P257
p258@epilepsycare.in,41429929cf837fcb208112018b789fedfdd00148c49eff55ac0bc55660c40c13,P258
p259@epilepsycare.in,b7c17afdb4ef0a7de2dccc001ed51ccb38c7d2f0b24c57a4ddd52dc72624b2c0,P259
p260@epilepsycare.in,7b7353ee070d83455b49f8b8c31603af23436683cdcc09a07daac1f4669d943e,P260
p261@epilepsycare.in,856a0768993ec1ef7e788901b0c78e454110fa52edcd3f1ab1d63454ef61c8e7,P261
p262@epilepsycare.in,7e8440d3e1895091f942c8e11409cb6de2518876faf4f7ee22cc0464c7576e1c,P262
p263@epilepsycare.in,1cc0ffb3f36c0c5df0ad8148bf10b00fe8b305e78687014caf2d7fe711ac3a2a,P263
p264@epilepsycare.in,1e785b314429f362a3952aada17b9e91af3ccbe2d489ea49bcf97f10ace573c5,P264
p265@epilepsycare.in,3138788a82e707fc045606f6b7c2659d0c214937bd3a77a335e87209469a6744,P265
p266@epilepsycare.in,486e12fe13acb8399fb1d001686f62d8d80dc1a2bb88f88930ccddbfd369aae8,P266
p267@epilepsycare.in,38f2d983cfbbbf1bd140df23d1b7c6e98a7c1942c0148b548e873c9dc4e5a935,P267
p268@epilepsycare.in,25d075b061636d4e649b93b775fcf4aa2e010c9a4d89b8ffbe64dea4f11f2288,P268
p269@epilepsycare.in,166b5199734ce5e219e9fb9b13f8d34dc549052684ccb2a81d2a9d4cd0bb1278,P269
p270@epilepsycare.in,577b835a6b9827bcafdf26cbe345a19b277481e6827a5524a5b688d48d4c383d,P270
p271@epilepsycare.in,7bbf31775dbeca306f1959b786cefc2733d9eafd60f97a948eac816d58b3e31f,P271
p272@epilepsycare.in,3cbfcae3c28bc2a5fdc53f1794a519118d19913144d68c9609ac04e5a0b1fdb3,P272
p273@epilepsycare.in,c2628e4525e8558b735f512e71274fd824e3e5bb9679fbbfa3c54429be50358b,P273
p274@epilepsycare.in,366d49e523b68d1a40f9f35f3d759a50e1593db5fd083c1e0bd96eeeb3926bb7,P274
p275@epilepsycare.in,afb602b420f58975cc8aac3f99c34538145d6eb1f6cd68d77c2f34835444e119,P275
p276@epilepsycare.in,020d5a05cfa2b6f001c573d3103e86539e57ad6a768c43e5dbbe693289b4b7f5,P276
p277@epilepsycare.in,d13e53a5ace3c6c6339669f9f8b6a2be526ebb527e2b951dcc89a6a4cb42d64d,P277
p278@epilepsycare.in,3389b93fa8d0c569413717d8fc2b9bfa4a53cb3a24b9d24e424089d000adbe9e,P278
p279@epilepsycare.in,09a11e6093a6dea202df8232533fd1a5448b9279b6c59630bd66aeff899771dd,P279
p280@epilepsycare.in,75dd27c8d1068a4fd008e4575519c1275200d8e35ac04a30bee2e18946ee49ab,P280
p281@epilepsycare.in,4ace80fb7cc807477397147946ccd1a38382826dd929501ec9d20538e18f5b84,P281
p282@epilepsycare.in,8531a086e454e1b28dda742c1ffb402f70c7e43940842d97e79728809550c4ca,P282
p283@epilepsycare.in,31075404b08035ee9396f141ea3184c79beda97e50281298e45a9a9a781dc314,P283
p284@epilepsycare.in,6375166611abf31b67ac9f42cae6fdff54e7bdfd44aee9692e0f03cb261b1392,P284
p285@epilepsycare.in,08202baa40a211ec50b0cc14dca8fa4c3316228e8672e6fcb0a7f8ffa80b7475,P285
p286@epilepsycare.in,af61bd2beb4551387f042a33b7f7772cab7157816dbca96fc71e83975d1cdeae,P286
p287@epilepsycare.in,05bb1836e19e6d5501a703aef07af558108ad382a6e0abe2f17ee6cf325a7d24,P287
p288@epilepsycare.in,d25fc5a60e0dac0c5557304b17826f1a1d7fdbdf9197ff3f235ea5de2dd019f1,P288
p289@epilepsycare.in,7b9ccca3405cc43423ab700d6fe2e9f222e511f13db3b79377d232c2a9c82f94,P289
p290@epilepsycare.in,c4260b2955b9ee6b9ffa7e386826dc825af7735247e4cc3edaf63f580abb6397,P290
p291@epilepsycare.in,e31d98c7d0c3965f3f6458d2e5f3e47b514d41734bca2b5361ff10cbb660eeb7,P291
p292@epilepsycare.in,052cc1dd0cba53c80b9e50489e0c9f13f401a1ffced79c3f24eead34a636a8ed,P292
p293@epilepsycare.in,dd133dd4abf13dd03584481ac4e6e9d6cae21cb59e8d888f406d4f24c66554bb,P293
p294@epilepsycare.in,4fb17ff5ebcbd492577976a28b4a6aa7941b3df0873945e7b635906bf4d4b955,P294
p295@epilepsycare.in,38ae7ef799d557236d132ab7c0979b198e01807890124790617b0540ba729bb9,P295
p296@epilepsycare.in,fe89c5af3da261a82031f42547acd5d7fd9683fb8a7b2dc2642c615051cd5867,P296
p297@epilepsycare.in,a122947ccd3e9bb2f8d8a8b383fc45bcdc4f07fc5aa913008ff56bfa46f2498a,P297
p298@epilepsycare.in,b66e5cdd71d4f957dd6bd8e3172748aeaf8a84be0130d5abf24f40ef6b38ab8d,P298
p299@epilepsycare.in,3953a3d09e16f5cef33d7309948cfb187ec77be7f592a65910785847b26e48dc,P299
p300@epilepsycare.in,ffc93ba0b47f41a68f62f2ef0196fd82c2167f9a0f2056bd415162b5df06d1d7,P300
p301@epilepsycare.in,33691ccd29f7e57d10c3855c9915cbe75dcb535518c1870794bca5cf76be8396,P301
p302@epilepsycare.in,55b8d3f2b4060a4a96e107ed85e4e5c0cb394e1efa5da8c7ea8bacb072af82a2,P302
p303@epilepsycare.in,7398c8c1614451633e875994dd5febe36681d7dc751ea269cd267eb74039dc4d,P303
p304@epilepsycare.in,7ba660da0ffec49881de2c08af8e632bab2898308d8864178aeb5a53fa304f3e,P304
p305@epilepsycare.in,b9d82e2781d6b4961ee2f54acef33f7ba976910573d0a4b4b4856a3d39f09769,P305
p306@epilepsycare.in,a006bc49257d0b3091d49c8c278955a367a679e81063cf3247c5077d43581798,P306
p307@epilepsycare.in,2b6b8c0c83fda0e44d434a53f61d3ca2b9643dfc94b9e99f1199ddb81e06a330,P307
p308@epilepsycare.in,06577e8001128f21c77aac6cbdf166a4672ffb7a2dfd34f986619f404f617921,P308
p309@epilepsycare.in,8fd96346b57b881fb07b63218ef4fae1bb560695e3f59d945e18532822a72c7f,P309
p310@epilepsycare.in,2769e21efd2536d1f3ddd90470a45c6054ef78fcc1f45bbf269ffcd4f9d8a742,P310
p311@epilepsycare.in,a61793d3f8967ddd3d76d44aacf86cf98e2b49dbd1f0f30183b1d6abf9b83a3e,P311
p312@epilepsycare.in,d3eca912d3e73576009aeb35af97a413d324266fcd2cabafdf89d2889e52a4a0,P312
p313@epilepsycare.in,bd7fa8452072774d939554a30d7b733747377fb070733222763d14d5ce34d659,P313
p314@epilepsycare.in,2f268427fac92fa16373057817f6f8eb761eec1cfc52cb36bfe46433e9c48c1c,P314
p315@epilepsycare.in,80ac30e924da19fa1577e9cce107b52b902dd1f19fe6bbf57901f8090cfae629,P315
p316@epilepsycare.in,16020a2f850d3dcd62402a09ab40ec9c1875f0621d42ed581cbd25896825d09a,P316
p317@epilepsycare.in,bd28560d4190c8a6262d49fd7c0186456edd194eb3e8157461695b63438f5d8c,P317
p318@epilepsycare.in,e70b0f77779a2fb53f94fa5afeb9350328bae67bddf0392c24f06ea0100e299d,P318
p319@epilepsycare.in,c5ffc5b59c45489304c52f943fa26152f8834cb9010331f7ff69b9d59b38eed7,P319
p320@epilepsycare.in,83ade6c7211971565125740b0ca2b17abd7a3df9e1b2f66c03cd220d1ada7154,P320
p321@epilepsycare.in,ad89d9620d6999900edf64f8bef5691146ed533b1ed3e65c87b5f29e6e9c7a32,P321
p322@epilepsycare.in,6ae0b148a9480c5b93dbc8f58d693e22b7e3b44ea4e432374a5f8974042d921c,P322
p323@epilepsycare.in,72b22fc44b95959c36d75203a825ba068d3c92cf1416dbe48bb1c0d3836da7ca,P323
p324@epilepsycare.in,fbb1a393b29ea0f31af9074febc1b7419d3d46ac7ef4259b2e2870ae9c63d1e3,P324
p325@epilepsycare.in,b07a3bd06d3f621dbd4162e9e12d41961f7451dd59c145435863d912f62339a5,P325
p326@epilepsycare.in,4b73a46e17a8f34f2ceeada76b480d0786649c635862abd1bb8001b37fe5d992,P326
p327@epilepsycare.in,d8452300187c1e2ad6c342694ea1f738dcfca2d3cf73743fb228843b6675f43e,P327
p328@epilepsycare.in,2ccdab664d4d1aadf9a136848a1bdc3e7e40c2625ee06ea8df2f5c2efac66437,P328
p329@epilepsycare.in,df7ed09c192de549c8c4659133557a6390a775faa5f9bfc94159faa915c9dc0a,P329
p330@epilepsycare.in,69ae1a3ca525fec8b55939c1681715f9820c3ff229100915f80d8d86123517fa,P330
p331@epilepsycare.in,f2036f4efd274631798c0e2e0c938adecbb162338b1f9d8985a2048f18edf0a0,P331
p332@epilepsycare.in,a63c0a04498bf728375e6219dcb14cecab0fb9cd4ce317dd1314a02269ae54a5,P332
p333@epilepsycare.in,098fabe84ff94fb200c8e36ade997eec3e386b852559ba8bfc4165a9186ef11a,P333
p334@epilepsycare.in,4dfb4036be690a8709e4a57adc6729eeab1db70aa8abc2dfb7f673952d48d1d3,P334
p335@epilepsycare.in,5870f3e27a5fedc9029abfa40f66e87a8d04c25098e0bfef2350cd616b83c031,P335
p336@epilepsycare.in,acf34c4606dc9d408c9af67d9290f460044c631f23bb7a0ae8285beb175a3fef,P336
p337@epilepsycare.in,7a126c994c5db33c0d799afb97a1c90c38013ce0805b9ef7d0be85c6e427718f,P337
p338@epilepsycare.in,bd5c088d2c9dfc7161a240be171ca2ed02d84b5c678b2ee1f667244d31e5bb37,P338
p339@epilepsycare.in,c33458b86485ca607e27333e42351805c789330ab6e9898a27701754ec2fc806,P339
p340@epilepsycare.in,536f345dcfd45a46d3c1c45f4a841bf2681672d09d876e6f2edae7d9cc075bd8,P340
p341@epilepsycare.in,aa77a206a274f018e23f269b1c0216fcafc69c3ad9772f2297cac17854e7b86b,P341
p342@epilepsycare.in,8de25d503c5317a6d24ae0cd6e1e420e4ad8de7d794caba0d19f8438ecd205ed,P342
p343@epilepsycare.in,33efa2cb09e99999353ab928a4c3c0b59d87fb05602b1d2a607d220f9f03d224,P343
p344@epilepsycare.in,0cd9b2ae9a8c395edb6125e7a82d63f7b1ff6e6e057871f7bda53625eff4d392,P344
p345@epilepsycare.in,01595a9737c7608aa4dcc73f82bc9f9ccfd8f3a9c609367089a84b8f228c5bae,P345
p346@epilepsycare.in,24153c71c7acac712cdd86585332ce60cdb76dd5c0a7292bc15b7b4631888ed2,P346
p347@epilepsycare.in,2c3dc1b0b56f3be50041e92845c8cddcab09db8d59d77e9c0b098afa40879327,P347
p348@epilepsycare.in,23258f871ab94794f113a79991e6c5c1aba4148f7a2bca021c4e9a4925c34540,P348
p349@epilepsycare.in,c2fff16b74dd55bc9a2c92f02e7fb244fec215399610515abe46c89cf64c1ab5,P349
p350@epilepsycare.in,d461e95c5fdcff62c47d606c77f3ff10f635d658707b7d630c9cf45e760978e9,P350
p351@epilepsycare.in,310bb70551ed0ab42702940b27dc5531c94428791538bbee4c053a990d2ac8f0,P351
p352@epilepsycare.in,325210dd9420db1551e0d06de01b493e885c13304a721a85d301d2367a6a2921,P352
p353@epilepsycare.in,a5c020a4b7a6b359f0b1b729f3dc40c2794728c131a65354c7c0f629c8796c37,P353
p354@epilepsycare.in,0d0900bbe1facaa8cc53cfb4a998d4c9a20002a41360222913ef021c2e9b43ad,P354
p355@epilepsycare.in,a6594e31fe2302234a35a848f446f1c978a647c7137974c9808a4542c7c01de2,P355
p356@epilepsycare.in,f178d60730305f086742373bda4a6102d1079b6d9eef700bcca3dec103408797,P356
p357@epilepsycare.in,5efa6e09640a341d686e4a0cd5b027182f82f08e808a4320278010cb528dbc97,P357
p358@epilepsycare.in,95a3d365d753a2a4371b6c60bb635de33b0e7ee9c4889f5ae8e2b3ab07ec412c,P358
p359@epilepsycare.in,b52a83b22b68cce0a09dc2570d0317da7d55fc58c46bfe5e60597dfc32a11dc9,P359
p360@epilepsycare.in,dd2ed8f6418fa85b54cc4ee95793c6844d1699c31ccf49de20719ff33ff30a2c,P360
p361@epilepsycare.in,1b83fadb237bc45c595fce0a449d27182d0959ce251022ba460cda6b6a8f6477,P361
p362@epilepsycare.in,e4a4dcb15792009c5b561ceddb406deda55995a3bcb42d460c1717da5a8026ae,P362
p363@epilepsycare.in,4f68144088c194c05fe63054e52a5ed7c145e9538c21aeec1d9414e5aa881c00,P363
p364@epilepsycare.in,f9b2e8e10364d3858674f637d425fb54b01d60034b57ef32d58664f7ff7e506b,P364
p365@epilepsycare.in,eb28229f99ccc31dadb1e817c5372d23cfa47196de5a51b2a2b6aa3757f9521a,P365
p366@epilepsycare.in,ab4d6614847ce3c5793480d3bb7de0521ec86cbd2d9fe068280bf10b84eb80bf,P366
p367@epilepsycare.in,2ba83a1df636704b8a59c55950a5b6551943b171a263c18cf20e9255357e82ad,P367
p368@epilepsycare.in,a206b95a65e035728c25d4beba10e55e6005c6c963dd3a0c1f53b5199fcd967a,P368
p369@epilepsycare.in,1fbfc1b3fdffe328953f9016df0d3f869f87758de6e7ed53e22bd028c88bb2dd,P369
p370@epilepsycare.in,d89c8d09a8b20b852ac4f8bbd42e734ac110c0505f5fff3babb56add77177c88,P370
p371@epilepsycare.in,ae9cbfa97cb734a9bc943d9f70c33a8697470f276d5d260ea716f950225c2ae0,P371
p372@epilepsycare.in,f98e8f05050a1452dadf78acf45e6128f360f3ecd3c2aee86ff3383d8c536af9,P372
p373@epilepsycare.in,fd835bce383679b8ab6ca4b0fb2529bd54a787f4a31e08564a1b5313353bb509,P373
p374@epilepsycare.in,3a3eb1f936ae41fa74f72eaac76d6d6ea1ff10b9113062697c5c7099d1f4f2fc,P374
p375@epilepsycare.in,3816ad913b0bd045b6758f168cf4d8619ad7ecd10803357474b231362e1089fb,P375
p376@epilepsycare.in,9a95aad0928826584b199bc4fccb4649ed30cc5a9bee795887c37e2ff56bc415,P376
p377@epilepsycare.in,059afbf4e07605d2fe3b152f3be31a23be588082b3dead3ef2df7fcce62e9ff0,P377
p378@epilepsycare.in,013079e603726408892b3f0b2048d5c081b7a78f43a599ea00f4a76207dabddb,P378
p379@epilepsycare.in,e399eb8b36717017cfcd068aec3d05ccadaa5225e0761eec5f7a0cbc0dc2a8cb,P379
p380@epilepsycare.in,8322151650c959b883151d421418a5050401e24a62feb0b4672de0d4672f4292,P380
p381@epilepsycare.in,7cbede63424b5ef17fef97a6123c2e6ad2fa1cd68385e0be78f32c609a185d82,P381
p382@epilepsycare.in,83f0ff6a014fcb4243b38c14db3863e1833d7d99a4ae7502144b9eb3da0a20c4,P382
p383@epilepsycare.in,acfcbc9b462bdd558a54923ccdc40079e2d5d57ea0f8eff074268f967b000ebe,P383
p384@epilepsycare.in,bf810f326a6fe07096535782f5d4b65e2ede93c4e05d86508cb0bd4fd3005195,P384
p385@epilepsycare.in,5e4e2334488de815baf8d7a4e7115753ec07051021076dce49113dca1c1a7ee1,P385
p386@epilepsycare.in,6a1ddba753d5aa5e4d6d6e4ee36ccda36ae7a6c950a4f6e0bb0ac9f21fa00fa8,P386
p387@epilepsycare.in,a4776037943c74590d7bdda8b1ecc1321c1bcb8cb9a9eeafb299461000da1b41,P387
p388@epilepsycare.in,bf4e2dc0c6633925c757fa08cbc293d8923a32c0b4c2738e06d09a823b4191c4,P388
p389@epilepsycare.in,e526c336fb8e3d377e1a2b2cc2e4f1e5d2e55efeddb0ec1bcf145d7e9feb4611,P389
p390@epilepsycare.in,2e6ca5ca213eac398d2ea52a5464ba02a2f8637f19da831f87be94baa8d9f996,P390
p391@epilepsycare.in,e6f96e72fef7d099f2ef178f0e8802c93b70ec3aca750c2154aca92724c18640,P391
p392@epilepsycare.in,00dfa49342677aa3820bffedefff75f7428181e813ca5215747225089c5320d1,P392
p393@epilepsycare.in,537e90e20280b8db7b714ccf3bc708f6e0c0ef4747b4a3af4c033092aaf1dd74,P393
p394@epilepsycare.in,ba30a0761a7b8d2b3c6dc46b1da9714dd5a9aeb34dc25478cbe8efddfa8d3943,P394
p395@epilepsycare.in,88359f0eb945fbce324fe9c11029b2ef1efc53840a5eb1e8d378e47562f6a36a,P395
p396@epilepsycare.in,41a1477520800d9eaee16978f57816e8e25eba8e8a7976ae0ea179392eed2455,P396
p397@epilepsycare.in,851dc2fa4b706f36531eec81e845c64be43d864563227cd7e7e6d62e6aedc2bc,P397
p398@epilepsycare.in,ddde9cd382a5c2304c102b3d22f35b9b1833e6f043e603e738052ac20684bef6,P398
p399@epilepsycare.in,a143726ea4f31bd08608e1d1b50932b7219ca596000648caa53d465d3db4799c,P399
p400@epilepsycare.in,cb28515338bd3ffad48216d77d0c25687668f84f5452cca35eb7fac1e49c3b7b,P400
p401@epilepsycare.in,75c0a669ae12e33526d40fcf074f957980d423956001617a0ccfbe4e8dcba7d8,P401
p402@epilepsycare.in,e1fbd994b1198ede3cdf891f6dcf3e8ebf20951a3b99740bcfa7fef922239d09,P402
p403@epilepsycare.in,614e061c30b1e9693f77219e6176a9dc277a92281e3f99c1b2a785573ce4cebe,P403
p404@epilepsycare.in,b9be49eb64e04269f9a07c2a5eaec998c41b8c19990699cc83303a0ba3064287,P404
p405@epilepsycare.in,cbc7beb5ab1687c4fcc48e24e3a6d4f369f30c63b97bf07917f382570b844202,P405
p406@epilepsycare.in,9160cb8b9797177ff0134f13b0e8bcd9fd8926734081faabcf22b48cf7041976,P406
p407@epilepsycare.in,6bc8817d9b34660ddc397e6e2df78d8fb20dd2375640c73a07fc473e6970e636,P407
p408@epilepsycare.in,7874d7d78be858373ba666c106f328500cc04b5b411c0b9dec0baa45c5c7e82d,P408
p409@epilepsycare.in,085ac99455ac4636e343e78cabef6c63eb790233f433c59db15af84a28306c94,P409
p410@epilepsycare.in,1ea55554e475108d039e89ab84485e567cde2fb13da32a9e741ce2cc2b2b785f,P410
p411@epilepsycare.in,d66e99b6417bd0ae0f1cfd17efaaac041a408027fe289bb3181707a1e05a7f2b,P411
p412@epilepsycare.in,5351c1d329993ec1267b47016172fc3a0c528fe4e64b127f291d24f3269c8a96,P412
p413@epilepsycare.in,551aa3f3540733debe3b70c1182b996c2e88b7061316bfc6205703cb87c19a61,P413
p414@epilepsycare.in,48049139e0fad00374aef7c51b89509b792c5027216b5ae5c1863dce48aa8fea,P414
p415@epilepsycare.in,4f86db1dda486618700cecb6182dad07ce7e885da2937c0c9ce707f39594c9d6,P415
p416@epilepsycare.in,3cb979cb34cf85e1588f8d5decd3a68a7f606ebe22971bf523752bf7f965e97d,P416
p417@epilepsycare.in,38d90751d8e12f4ce0b8ccbffc865a921586d2db6434bb3474ef6dc5f8fe30d0,P417
p418@epilepsycare.in,27e828fcf46039b2e10ad5f39a13b66786b0ed170ed7db911d000807868b8c55,P418
p419@epilepsycare.in,a692d661c2f1e521e717a9d3560276c80710c771e61a49f585aa2eae754892bd,P419
p420@epilepsycare.in,403e04c4c6d9ef9dc5f512b55bea88cbf8dd2d9eba2fb80bc218fd650eaea48f,P420
p421@epilepsycare.in,422ad96423c4e2e1c584ccbbb6eba3a4499a13c2b9ccf3ad40a998c0d4402732,P421
p422@epilepsycare.in,99fc38801e79fbd5707b67043474e0441d5e5e5b41ba2f319cfefd3220e936c4,P422
p423@epilepsycare.in,404e8ebf0669f601ca4a8bcaefa3e509f954e8471f2b4f3f82d188120ba844d8,P423
p424@epilepsycare.in,897c05e82ba926daa0ddccd0d4f4c72b656b217793c360247999f0b0f5709837,P424
p425@epilepsycare.in,27adfacb96f41123098df4dacae4baef7145da94f565ffe84f02afaa5bbe6ee9,P425
p426@epilepsycare.in,b7f71cd24372a90ff15a4f4e3b76d82c66d393067d4233ae333d6e3be433e395,P426
p427@epilepsycare.in,1eacf76ae3be0543add89059e6efd150ce24e0395f55eac7ca17caae3e92befd,P427
p428@epilepsycare.in,e81cafacf1cb762f56306c938958036a8154883176edb78ef8968fd112cbeb70,P428
p429@epilepsycare.in,28e87fccb67d3b59b7fe474ca7334c70efb75c7a4ed214282572ef0ae69ceb32,P429
p430@epilepsycare.in,e0bf4ab3d499d9f79c0070af6e95b12e4c9f08751b08943461df673ab27419af,P430
p431@epilepsycare.in,23013a8de593585a71e32dbfb25884963a4456947bc2fe26b47458d62f2d793f,P431
p432@epilepsycare.in,d4dec81566493cb2b533834172408123d937305b373e5b106e1b7b0de00a907b,P432
p433@epilepsycare.in,7f84fb6ecae78e7aee29b7e9280ebffdf05763d349008d9700861dedeb337007,P433
p434@epilepsycare.in,0c0adc01c48114e6cc651ad6fc351dcfe7e39ae0b53f617cffb42e612add5966,P434
p435@epilepsycare.in,1b0e8cfa56e419f31cbb14d08e4896a7f72adf142e755d5d29595d5ecb038716,P435
p436@epilepsycare.in,93c4d477d8e311e8275254697676e45a83db9cbdb3af4d023803d116bee7b94c,P436
p437@epilepsycare.in,7d45635b9e6143abe57f6823ce5b7b09175d81a2498da18e582db4712ad2b04f,P437
p438@epilepsycare.in,b2525ea1c981632af702a9c2b40d1a7fb1bf82d103555dc1c2a35dd7dca5d230,P438
p439@epilepsycare.in,461084ebc5f1d52c0d4a2bc6b75bbadf6a4a11dd4eefa920dab8c7039c8facfb,P439
p440@epilepsycare.in,5dbc33a7e421facbfec0191f070fe4bb32bec64458e4fb9b9a29815b9633e81f,P440
p441@epilepsycare.in,ae2dce0743d5736936a52270c2edce1aaf6edc5f0bb6dd71125b6b33e0599eb0,P441
p442@epilepsycare.in,59554ccbc0de516924765c00cc6054d224d74ba30da602b5afe0b2c9ed07ff41,P442
p443@epilepsycare.in,66d924709e09f2720055ef82310388322a2c275f668e1a3c89503e061e5319fc,P443
p444@epilepsycare.in,31276320986586809d1fbecba1f2672415caa8b69bd856303efb51c890f283b0,P444
p445@epilepsycare.in,146ba0ad31649db2515b42c8ea38728f55d9fbe26b1d1b0016e8017a87a5719e,P445
p446@epilepsycare.in,2be23402390a36d307e5d6b07c0a9bb376baeb72bd8b8343cefffe66199d32bb,P446
p447@epilepsycare.in,4fb51007c5a463a8091a17fe80ad3e5604b1a1fd2e95dc75f9e38a5049cda2c8,P447
p448@epilepsycare.in,30375fcca790832cc65f223efa467a32b2719b4730425db6983b57115edd2262,P448
p449@epilepsycare.in,22bb4635cc7a388e19d69950d000c4ca00d65579b1e20e10065768439f712176,P449
p450@epilepsycare.in,8ec498d3cab4afbef9fd06ee9d432927c9de33de30c222d5c1f892c11409da3a,P450
p451@epilepsycare.in,74c09fd3f0f96fde7a2de29b366226afb023119f0fb72ca9d31fab97c8e1ca2e,P451
p452@epilepsycare.in,9c5cef03d7fc83fcde6a8698db853114ddcafbc7423f11552ef13aef6fce0687,P452
p453@epilepsycare.in,a038b84131569bb2cbf14a5470e464a8fa247cff4b7e01e5f36f3b31b96438ea,P453
p454@epilepsycare.in,451e0bb3361c5d41d9db6e5ecc6be8fab8194ea9604a67593a8d0fb395f53a01,P454
p455@epilepsycare.in,a617020dc09f8fda30101de2bba1cf95178a0d2c7386c760603707da92c29623,P455
p456@epilepsycare.in,372f3921057e3dc6f9a469b37575eb3609fd97482454dd54c45b437caa4c58ab,P456
p457@epilepsycare.in,9a0d37237f9ded9dc3574adb5e92f9688d9a73ccb5fb18760eba1c47fdc00aa2,P457
p458@epilepsycare.in,5d2de6357a83fed2d66a433087643d6f41b63abf4a071e0fc92f8d60e6e30d1b,P458
p459@epilepsycare.in,295703590c8680685a9f4c043c9230a5496aed2c87a0976ce811d1ab13fd5dd8,P459
p460@epilepsycare.in,0fd5df363bae03a90d17f90c37b74f6dd8eaa1ec1b77173bb385405956796595,P460
p461@epilepsycare.in,e254eeb359a27ac631748fcb738f9ff371ec670db9d5c6c92902218d9d093778,P461
p462@epilepsycare.in,c0d32b4da10c8843d4532061f47a2225c2cac804c43b867b1a26fc0cf8bb646c,P462
p463@epilepsycare.in,e4934f70e7b5e7fef99d39241c2fefd7ae9ba594db265942c2c144b6cff6d224,P463
p464@epilepsycare.in,064f3b86fa1f4222e95d955b16d726f4a3b403989a698fdb542de3f3ed9aa064,P464
p465@epilepsycare.in,998849201d90d1fd544e87daf164183bfe56a3ef0b721d8b4f45625974bd0a0c,P465
p466@epilepsycare.in,e134c28cc4c2f21671b3cbcb9b7516e839f970158828a5259e9d3ca76ce92f81,P466
p467@epilepsycare.in,4b2b0d0463a513f51c1d45dabb70679ebd0a1480f55b7d3a538cc0fd38deafa3,P467
p468@epilepsycare.in,e5c3d11ed34f11f9a073751dc3c7ea29af715d1b790b105b53c420907dd0abcf,P468
p469@epilepsycare.in,c57cd0b824e0f96dc807cf7b6d991cc6b88ccd473bced672cce537e95755c349,P469
p470@epilepsycare.in,e9701d57a1ec4329321203afd1877de234c34e4a8d807d19ec0194b554bba4be,P470
p471@epilepsycare.in,30e7ed13c03793d0d94620367f8ca158d5f6b44eed6e881f2c84706a701560a6,P471
p472@epilepsycare.in,a1baac2c3ee609a58378815120c93760cff0497964fa671dc6578771de95a7a1,P472
p473@epilepsycare.in,8c1612895a1ee012b6db3459b17bf1667fe17d72741ae6b01da97ac99d4c14ba,P473
p474@epilepsycare.in,9d78c51efd5dfebae1ef1d45aed03dc9d3a8ca2d96026d77b5ddf0cda3eea498,P474
p475@epilepsycare.in,91677a479dbec796ca9ec447ae4888a6b28f65f35e795efba0278fe18b39c8a7,P475
p476@epilepsycare.in,74beb97fdf03cd487fda9d117777ac1404233c0c665a8215314acde080e74d9e,P476
p477@epilepsycare.in,598d4ce4306e398659a630bdafe333613fbe04233ac2c74409d7ec21f9a67842,P477
p478@epilepsycare.in,73fcf1c3a38caf9e51d7cf6afa2341aaae9d61981b04769bb47dd989cbd10e19,P478
p479@epilepsycare.in,778bec208a5f47b8917bee457f6b4530a4ad02492ad46f61ac0e0c0c93331488,P479
p480@epilepsycare.in,6f58c7180a661d7eae0518fadfe2527287b7b46f9a1f343f716728f92b9f7dd6,P480
p481@epilepsycare.in,a8300d56d2b34bdd9fb34acd2a0ffe7a3e88fbdfdf81aa3df08cfeac69ea5e46,P481
p482@epilepsycare.in,1924b3e96c3d0c93642648d9919bddd2e00c0a1139e6536a03f8574158b53e98,P482
p483@epilepsycare.in,61d47117ec7fd8775059b8c90b6698e5a0f679525ae2df23a25cb4bedcc3e01a,P483
p484@epilepsycare.in,4dbffffb5fe95c46a7539eb626bdb36aafd7c0704b1e9ae54585d4ad7680c732,P484
p485@epilepsycare.in,6d5cdb72af992ef3b79762b880e9bbd23dd81583dd38c0dc5f4bf56934af6055,P485
p486@epilepsycare.in,ca9b08ec68cd3cfd71acecebab5849e92ed2d76f569ca55d0ef176197b30abd9,P486
p487@epilepsycare.in,c762c65375c559baaf251c707b42dbb74ab5a28ed19f5298fabe79cdfd4a23e9,P487
p488@epilepsycare.in,415684b4758cf833641c33ee0a72ee739a6252249ef95e31cb8124a1c0285325,P488
p489@epilepsycare.in,8ae7606bc03ae9911434e436b5904f8305539ddfd397b0f8ae53ce46da5213d4,P489
p490@epilepsycare.in,3fd6d787952a7da25626a433c7bdd8edacb4b5175c75d5df74626d5f61b09dff,P490
p491@epilepsycare.in,91f57b1910bfa9f72e5db95f901bc55a87279c7e236916c180183fd01b6338c4,P491
p492@epilepsycare.in,24659231318ffdf97aa0e8ca9be09f20e318b9ade6e24e95c2f966622c4aa1a0,P492
p493@epilepsycare.in,0cc299459d4fccba08646ded12005513ea290fb2612633621470f24c96dd9d40,P493
p494@epilepsycare.in,58df98148cec46bf4540e90f41e79f84bcb265ed52e980f5fb07d9709f5cb1ca,P494
p495@epilepsycare.in,edc9a091efc0c9c5909d10a65051f3e7791491d95c6ff483e292b88aceadaa28,P495
p496@epilepsycare.in,737c5b3d7332b0483ff681cc1661ffd37a1b0f890532080e63e8904dd063561b,P496
p497@epilepsycare.in,6ecd2fee0991ae00594d4e7a6b1390d2c3c8b9b03e54565aaff1372857d66f03,P497
p498@epilepsycare.in,2dec3bbb0f610554afe0d4374523f94a5f6e88c4cb87275dcde3e868a404da9e,P498
p499@epilepsycare.in,df15efccca964251265870c2b36cbadf8e34803e4f134b3fad9094912c43f965,P499
p500@epilepsycare.in,9769c5d79a003a11eb84cbbbb60e40cf4e97d058ec404267960a352ea2b1aa9f,P500
p501@epilepsycare.in,86c6cc86db9bdb806353f93a5115b835301f604449d79dce3d47c65e80ef96f6,P501
p502@epilepsycare.in,a357d5d3140c545c53b847afb69822582a8e6747558eaf33a5fd15d4222d82e6,P502
p503@epilepsycare.in,4a6747a499e7db8f0567e8dbfa1a4e69b7f76a98816dd29cda03af7464e2a263,P503
p504@epilepsycare.in,8be9c963a21257fff39684625dd50e181d326dc46a52f8b499a6aec5a66eded6,P504
p505@epilepsycare.in,b49e8383ed29af8737522a167ceb3f261dce31684129bcf46a309432ad9a63e3,P505
p506@epilepsycare.in,d724748e23b725c3b27ac1261b5bd69dc39f3d4c7ed5544c704d50d1f245581b,P506
p507@epilepsycare.in,47fe0bfb3e8368cd216597d242fb923ee78c46e65fd6caf4d080e8329a74125a,P507
p508@epilepsycare.in,202bd5bbc342a1cfa42fb670222c29c0f75cc9428bbbd52073bb0f9c7f310cc2,P508
p509@epilepsycare.in,e63d2a8db21539d3eb0243bdcd24e4da7d29a74a110e89e1ea89d36139defb2e,P509
p510@epilepsycare.in,0cc33d45cb21a4273f9c81681bc1055e14e8f5f75f5036e96a3475a57d3a6e1d,P510
p511@epilepsycare.in,073f64d726a88c7fbe60d021a52adb129604ee20ee6f3fed176a8ad48d507af4,P511
p512@epilepsycare.in,272992bf7c83178335c8f38dc5a665db21fbf8a39790def5b10ee10b887f7bde,P512
p513@epilepsycare.in,9857b345ff609fafd3ee9c530da9eff9c719131d618212733ff8e0187b23cd88,P513
p514@epilepsycare.in,5faf122edce2d4b84dea84bad75734f4c5c87e9888286abdc29dcc4269f6d56e,P514
p515@epilepsycare.in,2ecea788d7add2c5975ba1c5ae719163b02e223e0fd4b4e5f17de5b94601fc98,P515
p516@epilepsycare.in,af3d53ab8c9c4d4469893d947c2658516991d147318b86c1e5494b7b0537d669,P516
p517@epilepsycare.in,fb4820913f906f91c711ee20c1f335784a7e644a89a1e9de8f033105f1d349e1,P517
p518@epilepsycare.in,079a44321557571f6c6a3dab7ef91ccce3168444a5aafba70ca5ce7bf21efb96,P518
p519@epilepsycare.in,c6ed23944ca598fc0a82ac59b5e60a6b821fa8c23350f90d1fff37ae66badef6,P519
p520@epilepsycare.in,86c9e42f19f32c2a7d71889efc07b128a7069b6784bd97f891110fe9bbd85bca,P520
p521@epilepsycare.in,ce8f82b8111df3d8035148c7f2d27ea5dcbb21f8fe32f0b5d31b88730109354d,P521
p522@epilepsycare.in,a5a02b2ed7c07dcd89141246fe4644a72a9640ce0d10d72fc91da2c97c5514ed,P522
p523@epilepsycare.in,4f95d39d6bafb36f00413eff666d28d0daf61e4d4b185a3e528ca17c99b41159,P523
p524@epilepsycare.in,35b63a2a173a47c0b3a656d8bc13edce6f306362238fa647d115a0cf6a96b2c5,P524
p525@epilepsycare.in,2a1b23aa9d57eba656f077971bc1a1b8918144427ac7295b4eeb32e9931e5ecb,P525
p526@epilepsycare.in,78f3a5ffc63f6c107a454281824d1b4b112c893b3a90571b100068b2984e8f5d,P526
p527@epilepsycare.in,2e025088157e93f8680d9cc5c31265b817557d48cb585468ec5415a788744702,P527
p528@epilepsycare.in,7bc533921836f13050a22685eb98ca34b90a9475381f3488c254f2fa4fe4f582,P528
p529@epilepsycare.in,b9cd02669cdefd884eb6d60bdfc33ad10077d77efdf3b5949b4ddfa5491c45e5,P529
p530@epilepsycare.in,e0b03b09b983ac508f1a0c1732acd088913ce220582d187f0d984416f9ed85ce,P530
p531@epilepsycare.in,4a8b44655540a112a5feee116dc01477f6eb279221ad09197b80d16680b798f6,P531
p532@epilepsycare.in,fc59ad54625d32a7d974234485a1ca57d8c3c4de1c9ef9d930b7fd3592d08a02,P532
p533@epilepsycare.in,91dc143399df76021864ba45cce3641197f134869dd1c828fd2bf078923db79d,P533
p534@epilepsycare.in,17a15c4d451e4279eaf641fc300038dbc01d94d1be2b1f41aaf23fec43b4e5a6,P534
p535@epilepsycare.in,692ea829073b0a0d62b33d3ae4281906ef8756e40866bc9c97b02d2bf2168d13,P535
p536@epilepsycare.in,5dbb2a0519f40b3fbc793abcab849af6981997a9920bc83387e75b102252544f,P536
p537@epilepsycare.in,8b0f32bbf1a9321d32595da66e4dc9df9871e3f6c43f94a13720016f953de9a3,P537
p538@epilepsycare.in,0e69942e6f82060df7236df5477b71780bb36ce49a41fbe69d45a6994267e260,P538
p539@epilepsycare.in,467fc0e3842fd077b782f75c72c7e7e73fce93c69d3280c76ff0503321825840,P539
p540@epilepsycare.in,8f4cf5318b679ffaad611d99ad49b09b44c95986c2f0a5dfa7fc7daca5267047,P540
p541@epilepsycare.in,2dbd2c14be204d810ddf2d78e82a783865dff1f6613011701904a0c4725a3973,P541
p542@epilepsycare.in,ffd1a6d4360b7c71cc96806d8f9b3cc7a6cb3d2760dde072d7c79ca9080bf92d,P542
p543@epilepsycare.in,2b70366d0f88ac755f313bd04895e8376ca1fd1388a8f5b0ac419c07062f74b4,P543
p544@epilepsycare.in,c79efc191badd6f362f8629b62753983fb15ba59f06cc247d7641f7c3164a764,P544
p545@epilepsycare.in,0b415b01e2141092580e225c389f9ef4a053dd2cacaac9b83a3e2a4137b72795,P545
p546@epilepsycare.in,df285bbd2c10ea47dcf36d892a9b76388c0e2c5deb623d707aa176026804a4f2,P546
p547@epilepsycare.in,d209159224f3eb256dedbdf7e04fe9dd903fdda0f67288f30b1e1ee4752475d6,P547
p548@epilepsycare.in,e9425a7f23cc2c82cf71834a44b3f185f29db4ffbb68bcfee39975405aa8ca0b,P548
p549@epilepsycare.in,84de7e31a5edb44821a906e1fd0abbfc1e5b0747e10c9f9cc3cb02c4308e1954,P549
p550@epilepsycare.in,82bafa1168281003d444a7f13d0f8d3bc7e60a0c4afdc5e2253e9f23b2508f5f,P550
p551@epilepsycare.in,45c73edeca57522ad942bf32735f5cdeec04618cc89cb2c33d6eed542ceadbbe,P551
p552@epilepsycare.in,6cdb6779bc5006827726f5fc43e1e7158ca9191498e2514589ed337f0ad2f5c5,P552
p553@epilepsycare.in,a83a5a53786207780bd3b298ed644163e55e2853e8d4a52bdb1b1744fbf24671,P553
p554@epilepsycare.in,940f7a61722302d381ce78504f1f1d666b189397eb1504c3cf8ef4e5b636d7e9,P554
p555@epilepsycare.in,a08ef002b9c5344478fc9f02991237d7c64db666ce8b3543d0058e63cbd38d59,P555
p556@epilepsycare.in,39c3b3bc735caeeef422e6819b876bd532c90bd56be7e6cac103bd68154f5d62,P556
p557@epilepsycare.in,059fa0028eaf3a1260596eb6bc2325f4265b7e55783e81c219bd33a93f283134,P557
p558@epilepsycare.in,1bebe8bf2d14dd91d8ece939e63ecfcb2d817c3f7f7cf585455de90465474373,P558
p559@epilepsycare.in,15675c29aa8327e5e93afa7bdfaa95cb386959a5f2f15417b98f6dfb90c74279,P559
p560@epilepsycare.in,e73de5e43d17f764e7c2091c25cbc5bd9e099d3e7b5fc4948ad72b86df4e7a36,P560
p561@epilepsycare.in,46aada9495a816164a3d26492267a3424498f51362655e79ba74096805e2ed0b,P561
p562@epilepsycare.in,4889a332c40b967f586b2ddbc3f0028290d70776c4eff9b31778ef5346113546,P562
p563@epilepsycare.in,47b5f9ff8ee73abe79919e4dabb41d7a7d8948243a5bef2068eef765ab5dd165,P563
p564@epilepsycare.in,b67340be3d58fc74fb8f925155d3f68f567c655564a48027e6ea6ab9cf5019dc,P564
p565@epilepsycare.in,c411eb924364f84702a666d7ab64746037aae6a6b385a7199698bf8ae23ddfbf,P565
p566@epilepsycare.in,f364cb5b4e1f145ba6070e33b5d11270b72a3f80806637c05bbc8c16258d363e,P566
p567@epilepsycare.in,337be3129faf104ade8f80d685c6aaa76fff81d87ce7ca157c3c08171f1e704b,P567
p568@epilepsycare.in,61796b99841b540b09a3f37dd48d2ee0a57c454fe877423b073d79cdc2a86b09,P568
p569@epilepsycare.in,f43a23c423ebd07b543f976de2e84629c3cc3fa8d3b6a4aed24f787f2d9003e2,P569
p570@epilepsycare.in,2fbed9979b3f337ac1736948935d35cd28f2a5c04c73f39ad1229768b4e5a9ef,P570
p571@epilepsycare.in,7822b3cfdd9cfcb9b131cbd6207a0c2b3a8815ed9ccf95719674c3001af9eef2,P571
p572@epilepsycare.in,5b594353397242a22946334c1b757bded40bda017af94822a8e2480856ef9ccb,P572
p573@epilepsycare.in,64b879bbbde3609fe44c7ea3b58f99a98acbd016d18aa4eaa11033acf01d7a8c,P573
p574@epilepsycare.in,1936bd8e2a6c83b2206b17cb9d00b840b595e099c52dcaae2f7b561d2bd46188,P574
p575@epilepsycare.in,582fa7eeeaf5a8c85439fd8a7ccd6d23b0ef908d96947db166a4025ef857565e,P575
p576@epilepsycare.in,d65730cc29c5569d88cd987245b4282f45f51f26ce5864d3f6c5cdfe8021e773,P576
p577@epilepsycare.in,9afd752f5add0da279914f4e00bebb6bc2c45b838e7710396108f0e72d5d44ef,P577
p578@epilepsycare.in,d9fe17dfe9c432537050f13c103bb9102a102f62e06b9488eabcdc1e90d534c1,P578
p579@epilepsycare.in,33e3ae38aa61498627d0eee100b77c064f963b5222913292d40814cc179c3955,P579
p580@epilepsycare.in,08cd6696d304e8b767376936e2202c55ea11b4ad62f28c427461ee1b4b6f07da,P580
p581@epilepsycare.in,c96c28620ed3ed962454cbf5cc984463ab5600956d88e29e26a0b0df20491248,P581
p582@epilepsycare.in,011f111f379789f1b6aa7d471b7e987fc795b8d2461d2f1a42186279e06f6c6b,P582
p583@epilepsycare.in,285a54a41f2993dcffb94b30f665ac24306c0d19562c6ecd9cda03b6edc7d994,P583
p584@epilepsycare.in,d2eeb2cd0d79906e81269e2b62d71c0d71c4d771a9479617c518fd7f5ee12aca,P584
p585@epilepsycare.in,75bd15a9004be840e11b6bbd167792d36586901b7755975444f1ab0b5c8cf032,P585
p586@epilepsycare.in,35d4e50a754c6dfc19af33a2b9f6a9892cc156da6ab3207ccb628cc2919d654c,P586
p587@epilepsycare.in,fb4ed31708bc269cef85cffdfed18e9c79b701fbfe82174399ff54fb7762c885,P587
p588@epilepsycare.in,dc5c4b9d9e7a8f4756679ee8fae6ddefb46f3a6e9784fe4fa39f2d40750cca32,P588
p589@epilepsycare.in,53f6f3945d78daac6750496049cd35ec053ba97c153d8f8db0467a73f8707ee9,P589
p590@epilepsycare.in,c04145f7007265409a7d1f9a9ce00d86b781e4c5a31b6b4b8d12b71ad3f32e97,P590
p591@epilepsycare.in,8f34845abaa02f12e3714353d652a63cf8209ee8cd519c057ba4c6c3a249f000,P591
p592@epilepsycare.in,2d416707f4d95d3e44265e62699afa8d180e4f416ba3e8478f01ad23d3a4eb2c,P592
p593@epilepsycare.in,d548938ffecc0ffae87508d3b5104f9e0f59b89924cc2306e65a0e38e074b958,P593
p594@epilepsycare.in,0c82fd3e987b8623786b87fc183e8d251e1c51786b245b8404ce1fdb1f65aa20,P594
p595@epilepsycare.in,b300fd8567e35e62a85cc3efb7dad59fe0050150ab3d760d66249abf165bd77e,P595
p596@epilepsycare.in,01468beb8ec1714cd6227964a150cc9e07f1c403b37bc1775da019590a952479,P596
p597@epilepsycare.in,4a98c8a462f076be95900938d03b0a9de4cc1d6ae724fd27a911ad92d59a227f,P597
p598@epilepsycare.in,d3e45cc13a35f28fe8df07025f6b1ead7fdbc20ad67ff66fb62877db8bf9453f,P598
p599@epilepsycare.in,d81c2a7e4cc02562354213ac492987b7a53dbc7ed9141a5ac57b1f01bfe03020,P599
p600@epilepsycare.in,13e18ed367a1c608d361b16cab18b417650c71eb3f39d8b2fd9408684fa775c8,P600
p601@epilepsycare.in,95142ac800bd2793fd637c7c08f850dd5cd3f1cf0bf9296c78b8bab787df0395,P601
p602@epilepsycare.in,7a78f734a4eebffb285df8058936724b416f244fafec6a1a269d6a2a5f655c8d,P602
p603@epilepsycare.in,1e287224265499374e58d27abd529240b2665f6c19e1ab02a0ae92b787813f3e,P603
p604@epilepsycare.in,9578c43afa50d409e9be0b88155626afce53509c486a6fbdc4ea39fcf11e97cb,P604
p605@epilepsycare.in,8da2507a3c9fa9120c6a7d080564cc6bd64da4a418ec1c7d5f6a40d88b61ce7a,P605
p606@epilepsycare.in,c3a8688b387beeb636ad13aa2e5c4744d8ab59bd1f838f1313acf43192871532,P606
p607@epilepsycare.in,a4e4c44020992ab2322b1f0eac56872ceff6c2d803190ed1ed1b9de0c5c28547,P607
p608@epilepsycare.in,d49713aa247ed4542c7a8c9c2dd6a4ad3b8b40bce4738056b2ee11b1442fe6d2,P608
p609@epilepsycare.in,3872ffa82503c73595c0550258b18ebb006b3d3879a17e8b09ac014bfa752a72,P609
p610@epilepsycare.in,c5d3491409326b9ab9f984d2853e7c5eae5a3328db046f5a5ca105541249cd34,P610
p611@epilepsycare.in,17fa5e3ccc43563fa97b601f151ffff7aae4af6f900253b88af39e759526fa9d,P611
p612@epilepsycare.in,3321165ac99457adac04b726437a64d1eb1cd921b38661a4d7832daa28ab0b60,P612
p613@epilepsycare.in,862ce7c4445eeb3b5bb85357f4543b8b1a6d9b6798886faf1aeab84092819959,P613
p614@epilepsycare.in,20fb19816329430e72967ad5aca1ffa3dca0cfed67ba8d0d8e8acc4255eb5543,P614
p615@epilepsycare.in,38a0a605dbc8bb8b5363668fcf71c97c34bd44e0b7d5905cb863aeb328655027,P615
p616@epilepsycare.in,d745396dec5c463478661eea335bd29d13464dd94241783ca6719f16bf056ed4,P616
p617@epilepsycare.in,4ce5b0df9b0f7e17f1ebe87942eb0c627b81aab823e66216243a14e60c8b66c3,P617
p618@epilepsycare.in,f66f0ba71c26f596810dab57462b99afef599e4b5789213ac578a744b9d4a275,P618
p619@epilepsycare.in,497435378327416c0a073b7f190c616c5729bc0a8664b0222bb8948321688ba5,P619
p620@epilepsycare.in,c29446cdaa456c8c944b03d14c2716d622588cac287f8749e6213bd593efc6f5,P620
p621@epilepsycare.in,c21e8983125715b46ba9a20903f46bd061af922b2be8b8777b22a36b37a4ad61,P621
p622@epilepsycare.in,982c6ad0e0dd57af54830c8fda64bd5fb2b7c94a46a2e3d39f8a50b31db78d2c,P622
p623@epilepsycare.in,bd1e31e5f94228fb51a020d33ebc60101818108af1f65c7203800d81a6a00fec,P623
p624@epilepsycare.in,00b53ef66e776a5ccbf90637662b92816b3e4523188bc1da81d873676495751c,P624
p625@epilepsycare.in,0f1d98532270a37d21fb5ef2236c767575fda2a8626a2fe3cc1bb4867e9adabe,P625
p626@epilepsycare.in,fffc2d237a67a089cd5dc96e642085d5cecf80eab2ff7c7717b1d31b7601fe16,P626
p627@epilepsycare.in,875c78797a9da0d016056700c964ce290a70ed0c40604cf5f6714d63683aa9c2,P627
p628@epilepsycare.in,2e63683bdeedfe093feb5633bfd5e11f279ae1f9fb79099b962ec83abf77124e,P628
p629@epilepsycare.in,d714119fe55928d1ebdcd2745e59a996925be6805a40d6516e4f2722cb88dff1,P629
p630@epilepsycare.in,62f521dd08cd25753fb7c2d457b8fbb48eb40f28c1ef8718719ce3db0c31b579,P630
p631@epilepsycare.in,84432bf6e0e837fa37ad6aef64fac496daf09f50dc490d917a10e352f1fc424c,P631
p632@epilepsycare.in,0682e40eb2d52b9a0b3d26fac488601136a5690fcec717ee0eaeb3caa39518bd,P632
p633@epilepsycare.in,04fc2b0f4907cfb6df0b32b784129d5d399aec11bb0f5adf18aeca317122a0ab,P633
p634@epilepsycare.in,8e18746bf0c7389fea1cf4a89dfacb575a504cdfef7018fe7d8df996b23ee51e,P634
p635@epilepsycare.in,c146453cfafbe786f791d8dcbb7473332d4d1f92d22e202ad2c04e4de6885158,P635
p636@epilepsycare.in,87186c1baeabedf93c8c6270840a7b3b74efbf991999ba3654a6a0e6662ea5c0,P636
p637@epilepsycare.in,6e0ba3816afab7ca9bb93d4e2c803aed90ff7efbcd7a478c3e040d3566efea69,P637
p638@epilepsycare.in,314d3849b7b992c8ded7381c97cb6bf7476dd546c63e89dbd0e717e683e55008,P638
p639@epilepsycare.in,fc4ecdb13f9240b258d33916ce578c56b2dc0bcffc5bf853f9d2f1152082aaba,P639
p640@epilepsycare.in,9da22cb1992f7421714592f7d8d4014923c72d2f291099b27fe54a0c829c89be,P640
p641@epilepsycare.in,a933322ca28a5c1e2cee6b2f5b80796a6e04a4a00cf6dd54b0e4832dd9207ed6,P641
p642@epilepsycare.in,f9528430b80dce7d096e26ea83200fc68b67c7e50b79fbf105a331a4da5f0c2e,P642
p643@epilepsycare.in,9eca3f46a2be00746167374b0902eb8c466007fe7f8d6b4cd4bb1ae5e9c872db,P643
p644@epilepsycare.in,660327926ac727f4508863462dbe017e6f79aeb845245da964ceca10f5abac1b,P644
p645@epilepsycare.in,fd6b2973cce04ec17fe541b5a39ec4ad04b473efb941337baeaa0ef1ada4b974,P645
p646@epilepsycare.in,fd21d968d1929a0cf2e038f8c138876ba9010ad56c7d529e4714e19a68c75429,P646
p647@epilepsycare.in,d854b4346ff08c237b9c2a9d76360c418cc9e26db7ad2a6aa31499f08c3176bc,P647
p648@epilepsycare.in,acc9898231aa22c2dd990285f930f644671cf7c92475891a1c2e42ca4401f9db,P648
p649@epilepsycare.in,dcb62eb875662629343c525b47de9bcd6ef049d83d2497ae8c7427247c4019ad,P649
p650@epilepsycare.in,43b8e4d524fdb9302c4f7bc32b278a4e5eab3468dbf89ae9fdbb8a86a85abd31,P650
p651@epilepsycare.in,307afb075a35ffc50eb157d15ba0586125bdb98da55c14bbcf786f558e698015,P651
p652@epilepsycare.in,b1ae081c5930016654441f330304619dc9b47c14f5651759e403fdfb7eea5968,P652
p653@epilepsycare.in,2b8e2e75b949f1bda185dd4ea72712675619dde7e2902c9a91df905954a5324a,P653
p654@epilepsycare.in,6176ab9e803343e97d2dca854cc0319532d19c1ad8adcb870afbb1d46da77e52,P654
p655@epilepsycare.in,6433937b930efdb67b2fb1419204b1c3de82be65c7e6f2cdccd370854173d39c,P655
p656@epilepsycare.in,9bea1d046b4f456f37d00e716899c73ad55f8e188370f00af5ccbbb733df926a,P656
p657@epilepsycare.in,7b51120986e5d4dce23e1a370600a1f2c675f9889de9395a825f0b24aa7ca013,P657
p658@epilepsycare.in,03aa8686d38acf43bcedb551a41c67705d752571e0db12ed3c4c7dcdd4e26090,P658
p659@epilepsycare.in,50f4f4e0bd46e9d0442be22a65fd04de9f01eff18d75a0ab7c272f1ba30a3b80,P659
p660@epilepsycare.in,7d6a5c203f55cf6a93cbcf32de04a64b688652fbb98d2787ac5a70e960f094f9,P660
p661@epilepsycare.in,897b192ad263b5fbd939969fb7e67bdf035afb82b5996b75e37e029076172f60,P661
p662@epilepsycare.in,6bfcfe1e87886b3cbb962066531dece7f2909b947beb16ee9094b17146cc43b0,P662
p663@epilepsycare.in,c51bccf7357b76f72b6f55b60cd14170ed91a6a1b586f116fac090b8f71e56e4,P663
p664@epilepsycare.in,4427b0c6b9dfaf5e556a2581c6f36ca3ba930e2debd303c33e8525d3f34a0da1,P664
p665@epilepsycare.in,f2cab53b359871c24c9cfcf7036f37121a4cf8dd0cfbb6c9a2ffaa798d145079,P665
p666@epilepsycare.in,484562473fc8ec7006b57f572ac99f0aa910fd6a7df818c90e3161916fbbf249,P666
p667@epilepsycare.in,c2bd22aa02d7a04f6123219c391f1f0d8a00878bcd125503caa1a60581f3f83f,P667
p668@epilepsycare.in,03728187c5bf60f59aec9d03004d27a7fea091d91388836a632b43b0b311c3b1,P668
p669@epilepsycare.in,65c75c92d5fbcfce5bf3e0c0d5675179a4b07ca95bf96e7961c253832b401137,P669
p670@epilepsycare.in,32e2abfd40783f8ae05e7d35bb13b758f1917f9f8cf6af82742d00987bc84dfa,P670
p671@epilepsycare.in,cb6f479d02d13b3376a94acb91f847269e16cf70ea6b904af447b2c29ff6c0e4,P671
p672@epilepsycare.in,7f4e9b410eed14cf2a720ddc919af6bd2598b572c7d2ee61729886fbc16a6341,P672
p673@epilepsycare.in,132935b897cefcf9407738c9849d98e9f7a45d60e52dafa9a452c8844a640fc9,P673
p674@epilepsycare.in,f9a56bf6825955967716953cae1b0cec06be4b0ecc04dea3b1f2fdb6f03f7aa7,P674
p675@epilepsycare.in,4719f6458e67778752b67119fb88c0ac5bdb3c82a0a5ad4908e62ec17bd50dce,P675
p676@epilepsycare.in,200829be00b1cc3cb76e5f49f96c88aa13328e1ab1983e1f56c7ab97a955f81f,P676
p677@epilepsycare.in,b782210b1c75ecc5f72b73a9b4a19bec864978afc2e1e392395f8ea4c3d53e01,P677
p678@epilepsycare.in,32ef63feea72eea1ef09c2cbeb00c9c14f0fbf78bda07f9d036d0099c0ec564a,P678
p679@epilepsycare.in,3234f047e76194f56c6e89db96267f6c6812de319edb7accf6355cb9c8fbadd8,P679
p680@epilepsycare.in,9d765a95ed775583a6531a1d5c417a96bf63749fd318edb53997114904c4ed66,P680
p681@epilepsycare.in,d8e625594ee660b1efac9378b26c1e0dd9715a600c7b7e4f71e3975e83dbb1d7,P681
p682@epilepsycare.in,e2a408a8e77ca8939ddde1d5b4ff6d20dcc46202d5550f43a9d668a3205093b1,P682
p683@epilepsycare.in,84212747934bc34abcffb11a2a530cde8872f9c66ec9bf42986e111f3e55904a,P683
p684@epilepsycare.in,ec1f1bbf1aa0523cad5dda0c3e166e113a33c03ef839358cd9655c7a2da7957d,P684
p685@epilepsycare.in,9064876cd81e3fae26f04754809d83745549af4c8e49e5da3acbcc7154f7674a,P685
p686@epilepsycare.in,de8d12df24b8a08c17e1fd553616ecdfbb3686ac9113faa7a8ee854afd7f2785,P686
p687@epilepsycare.in,1424bd589ad10809f1cf372e04a48677c5e0509815e405a52db17e150fd32446,P687
p688@epilepsycare.in,554eccae0ad08c6ce4327f1502feb549b730bc41f41c5e8ff3f79a3ffe36b66e,P688
p689@epilepsycare.in,2fd42a581078821fbf6e9555712e8b7a3ff0b6ecc6ca9f9f2b525fae6d6db963,P689
p690@epilepsycare.in,2797aff598e9667daa5142c4ecc9ca573021bdb140d09d6cfc1c7c99ec2f3edd,P690
p691@epilepsycare.in,9feefabd63cc031ffa72a9f4bc95c969d84d9be97494b02b2331286453d985ca,P691
p692@epilepsycare.in,1a83b9557484a7b0ba5a8c8b40ec9217d2578f903348c3afe5f6aafca1dbf0be,P692
p693@epilepsycare.in,6f825f276201a99fdecd9e1402bb39a95ca7d52ce38c3780ef836e17c42083f1,P693
p694@epilepsycare.in,e907c76e99adfd1438093b208124f9520893bad73ffbefc7a6b4dac94b71b50f,P694
p695@epilepsycare.in,1a1bb258bb76895a5cd60ae5e1bfa17228735e9dab865643b5dcd935d01463bc,P695
p696@epilepsycare.in,9e8b8e2a83957f9815c8ed62c721393686be38bc9ca7ecfa892c2bf1d925550c,P696
p697@epilepsycare.in,7595660864348178e60d4db621743f4fe0b61280170e5130ad97f26eed73b234,P697
p698@epilepsycare.in,d8e7987a9abbd6a3448e7a6aa4c48bff40d2b817649ffac8bdaff1c9e5394115,P698
p699@epilepsycare.in,bd35a0dba2991046fcae591ce33aea4801a7264880bf7aba5aa04ebdb8e6d142,P699
p700@epilepsycare.in,0a0424616eed0da3c23d9213cb396082223a4be80ff2bc19c4b3278d41a62400,P700
p701@epilepsycare.in,fa4dccce287d8c8c856a790c36fe1a7ecb6ad3cb2eb1dd4e133084b73f2c136c,P701
p702@epilepsycare.in,4927064699852d9091154512ab095f855f6871b2a74e593d98ffaae7723c350e,P702
p703@epilepsycare.in,966b4bc9ea47143dae39ae423721e133bb2f0b456a073b75eefac78619731885,P703
p704@epilepsycare.in,b171e7c32f3ce35d5eb1e6f34df616dc12a5255694b84a11ce0ca8da1aa9981c,P704
p705@epilepsycare.in,369c8cdcf42a4bfc1576d7baa6fc87744a8e47fa584c1ef1bb6c41011308b2d3,P705
p706@epilepsycare.in,2af21ed46a1b163b1857979506af2317e808a9875d190c468df08269d955a420,P706
p707@epilepsycare.in,a8486922dbc0e23eebac665832c9f7e23ca1aa4cd1a686f816f3f4ff14a1a586,P707
p708@epilepsycare.in,3327e0848e2efc92b1199c0cf8b648bc96fec741bfabf5f6704a816a1d34abf2,P708
p709@epilepsycare.in,1faff3782d694573ba732b3d8fb4804da86057524b3689c4dcd1488737258469,P709
p710@epilepsycare.in,2c04ce4a6909b5fa2b807d0a6274d1d4b335fd20aa042ba16e7f030cd39789b2,P710
p711@epilepsycare.in,2fe1e485af3058c87837407583171c819156131cbf3ee16a971907786e1228a8,P711
p712@epilepsycare.in,62ee1dcb42d00398596a3b6cfd1e2b709aa2912c6ddffb1f697b95094b93461b,P712
p713@epilepsycare.in,0c6a1a18fecbabbbaafc467defc4a6699f13c7bd13de88d802f7bb4c590b48d4,P713
p714@epilepsycare.in,bdc572c6dd4baa75598bbd7f07c5dc5f5edae47fff80c06d5b04d5a6a4d14f1b,P714
p715@epilepsycare.in,0fd237a37620a19000c3a388cb8ea9dd2eb05a724e4862dfccfbc43c276b6b60,P715
p716@epilepsycare.in,3b453fe0f38d20192bfd6cf442dcdb3fe79a2a1b33ed6210e181cb27839a3c8d,P716
p717@epilepsycare.in,467322039422688679e45c4b5ba6827739e859fdfedcff82701110f2aef222c3,P717
p718@epilepsycare.in,8f1fb841de78758134ba3113d609a0b76e57f87622f772df86c68c4a4f885449,P718
p719@epilepsycare.in,d19a1a27245e25becaf67135642a63b9ca41b47f79c99c372f79a2323a623693,P719
p720@epilepsycare.in,6610b3de574c3286eaf6a51e698620acaebad969b5ebe21678b594ccbc408e54,P720
p721@epilepsycare.in,5f3675abe1a75438c74063cf1e5df1ba52967101ccc35d211c4d28bf30da0a79,P721
p722@epilepsycare.in,bac38b5020d54b6edb29f43606af2ff437d23713f0a3db9725fb03ddeda87aa8,P722
p723@epilepsycare.in,108f483e1bcf3264ad67a9d834b28689215c8b6628df899fc5de651500360196,P723
p724@epilepsycare.in,eac385c97a26b6506727546c8ae2dd6a547c1f5b4cc34b432c43bc5558ff814a,P724
p725@epilepsycare.in,e8aa1bea6075542e791a12069dee89ccafaf0eb0adf3a42ad84e2b2e3bfd46f6,P725
p726@epilepsycare.in,d55570188159590d877db87cf7e2454e6e7f9478cf5e7496368beaf6561e58f0,P726
p727@epilepsycare.in,d619313336b39dbe9db80a67f0adc0bd74ef6a104251d633cd33eb766ca75383,P727
p728@epilepsycare.in,396cb9107f800e90f90aa24f126dadc15626c6d457f5235a8ff1d2dce7b9406c,P728
p729@epilepsycare.in,991b188283b4b95d984148e19d0cd2afad674aa855aa71b70502e32f472830e5,P729
p730@epilepsycare.in,a96f77cf6446384071239b1084ff4247351b14566f28beee0c28a1283c2a152c,P730
p731@epilepsycare.in,c8eb2d731d6f6e31cfcc2563222bb7a3fa258f07cdbf3e82de1a4475b90e649d,P731
p732@epilepsycare.in,45b3d193c2f5a690e736a42bc114fccc32ac2f133573ddcecc195d2cb1c8dd75,P732
p733@epilepsycare.in,5831018103a5045711afa94e742a2c80f74e7990d97150ad5a9fa4f26f1327fb,P733
p734@epilepsycare.in,b5ba37cf6d0a03e1a6ff0ac81fe25f9fc3f3fedbaaf17f5e55bdc7bf92763612,P734
p735@epilepsycare.in,56875edc51469b6607dced6780ca7e53f7833f6f43c62203898edf55a8808a9e,P735
p736@epilepsycare.in,ac1db643f7916a3b7aa910ac71586cb44770187daee8f36d31611f55b7f11f37,P736
p737@epilepsycare.in,15720c09000228390f60e7940baf77451ebaec6252afa5446a7730e3d8d81251,P737
p738@epilepsycare.in,2eecbb9270466142b03f8efd74cc3baaecc7b601f3ed38f033d8bd67feb17ceb,P738
p739@epilepsycare.in,d5735197e745480615d2cd948e7f675d871426d48b2a0193e2b83ae48cb6c33c,P739
p740@epilepsycare.in,e240b4b348b29f1293f1c22b9ff803876d86b84bbff97dc77a2fcd1a485beb1f,P740
p741@epilepsycare.in,8f0225ed7b1f13dec17820ecf6ff2a919b5fa5350e92ecce157f95f9bfc56f6f,P741
p742@epilepsycare.in,18926418494968184040d3e51875f60da1a238953ed779c14f20d27c4d4327a4,P742
p743@epilepsycare.in,99948471befbe4b5dd8784ad203930c73ef173faecd9b3534dc774346a9e7802,P743
p744@epilepsycare.in,9ea72731969a7cb597a96e11a55fe24056ea1d0ae220ca7dadcead2df2b6bb64,P744
p745@epilepsycare.in,44f30605870becfe73187730f56df660a117222f2359b3ffc0b065df784ebb80,P745
p746@epilepsycare.in,bfee77325b95e7d429cb78d3b12281cee0ca9bd61ce9885d4d99681ce34258b9,P746
p747@epilepsycare.in,d02bdfe16948e981f14c50008fb96528d2f511a8d91dce0d242cb010f4ca72b4,P747
p748@epilepsycare.in,30dba0116377f6feea76325e105e87f806508e79acf90e7c4284ffde66fcc796,P748
p749@epilepsycare.in,358e765ff66c3ee75fbf1ae50491bd384c96ce00f68bdbde3eb4a13dd5d4c432,P749
p750@epilepsycare.in,2db3ee6ac2170c475de16fecbfe43ed2bd52ff1245e63beca08336c9267ffbaa,P750
p751@epilepsycare.in,4d189935b1ce5afa41864b937810d61ff9f01a919b458feefa7b625c8fd3c21d,P751
p752@epilepsycare.in,29958c34a44e20c771bde268ea325bacc394acdb2a4d4c8c18926b1b8e395b5a,P752
p753@epilepsycare.in,24b2850311980180ec5395d48332a74e1904a54ad3f24d40aa6d4ab15255d0c3,P753
p754@epilepsycare.in,5c904ee8d25707fc6b4769ee14d270c092939c3a0c78cc23f70f244494980fff,P754
p755@epilepsycare.in,3166ea1626d17d559e455bf17a8ae954090889910e4e39c197b84da6c6e4e4d5,P755
p756@epilepsycare.in,52d9030ad01834af14cec1a9ad605108dd65457d56afde00e9a4c252295ae361,P756
p757@epilepsycare.in,c01a853623d5d03aeed436138fbb75b975d4249d85d37d667a11fae7f549e611,P757
p758@epilepsycare.in,0ef55e6ece8178c8a80c866a3022b03e416e4f0fcb56d8d8c0532641423a5d47,P758
p759@epilepsycare.in,0c42db49130ff8081f6f3d865a47294aabecd8ca182b89df68e48d0b3e4eaffb,P759
p760@epilepsycare.in,673bc3da3976514c96e3666ad5080dc9b1e972f9113c4cba3df5d4ccf00a1aae,P760
p761@epilepsycare.in,52b29a31c13fc54c27326e3e339873ca07c4b2dd6c5d487f619332ab0fb0ef2c,P761
p762@epilepsycare.in,03c4f99325b6f3b909e2ce6c0cd88ffc9a79ad91edd9dbed39530a350f2e1507,P762
p763@epilepsycare.in,aa0246d5173d2546db58c33403dbe2c6c3622ba22c02d4378c748775d1dd0dac,P763
p764@epilepsycare.in,f9210e85e771419b5f5de714bf8e251ad8115f25967697d8825a2bf15d413653,P764
p765@epilepsycare.in,4bbc7aae581797a302b9bfe7263246b551c3142a8ca489af320627d4b47ab541,P765
p766@epilepsycare.in,966a807bbef23867e51d7b0206dbe2464f074f1495764e53f297efbffd04c031,P766
p767@epilepsycare.in,332a31aced0566d88ebd34f209282483276931630d8ce2a4cdaad49eb5289d33,P767
p768@epilepsycare.in,9468bd4d870837c11cf182f01d4ed5f077580fa1b030e1a7dfbc5600066ba352,P768
p769@epilepsycare.in,6e4b123f1acc91a5617f4d30a37f3e73e059a81de655fe687334ef7533c4981f,P769
p770@epilepsycare.in,f60341045e5c2b075d434455c057323d423ab3262699c5bdaee2fd9e06221d70,P770
p771@epilepsycare.in,589bd2ec79effdf84ac6196ba9e342432dbd9dbf83d831f1b522b997ad026dff,P771
p772@epilepsycare.in,ffbb468395116cd9e8c160e96e1a5fcbef6878daa3e12ba211f4d32a7959228f,P772
p773@epilepsycare.in,9b729a4128519c4a26f1def4c0fbc27cbd53b6e072ac27d9734f57b9e2da5164,P773
p774@epilepsycare.in,c9e18e3cc9f9006157f124babe855ad19d71439773d224afc0bb6cfe170ffd5b,P774
p775@epilepsycare.in,1d6ce8151dd28244f352dce5bdfbb0de813f1f4183df79f53ac4025944ca45b2,P775
p776@epilepsycare.in,d2a3aee91f5191fb1fa54508f6150931bec773fdc14864b3beab51f2ce27f647,P776
p777@epilepsycare.in,404816d8d573f7a55871d92951262db5862d3fdac5bb0458386b0e0704580aa4,P777
p778@epilepsycare.in,417acf44bf02b1100c1dec260dd499f1112b999cef0713311b673930eb2f04ee,P778
p779@epilepsycare.in,ae870c73bacf6a40b7d7b4029b877d311a66beb22e0ad131439cf72899c0106d,P779
p780@epilepsycare.in,93a584082d5efe760df53f3f1b0d828a875e4d35a889ef7587fc3e2a91640252,P780
p781@epilepsycare.in,f73b6256fcd097e27a791f50c6c142ca094d7bed4a35de7a9c132cc6c018b1a7,P781
p782@epilepsycare.in,c2667695e5702a683b526252a587e6c8c78d1c10ef82fe58dceb7811beea5856,P782
p783@epilepsycare.in,57b3bf7fef3b80001616ba617ab07d0d88cabfe8eb2b0529ed0a7b5769f08bec,P783
p784@epilepsycare.in,e579949f306a0e12351b049fcd7b8c07770f1e014770d3255dd1dc346997135c,P784
p785@epilepsycare.in,4cee2c8712b1e3202c49c1afae5c3df29243867ff61d458f2e30f82a2a497c05,P785
p786@epilepsycare.in,e97467cbc5f552d6d214a8ee8cde46391dd4607bd4833c8a3486272f2462cf9a,P786
p787@epilepsycare.in,2e0e7b129c0a02c3717d8913c0ebc868f8022815f4bc8173cc007bc79f2383fd,P787
p788@epilepsycare.in,c687ad4413924017e23919687a45d865d0d69c6e3c8fb4989339670cce696d96,P788
p789@epilepsycare.in,2914673e0899509546016bbb4bdc4ee3612b9454affcc196cc15b5e6412a1fc1,P789
p790@epilepsycare.in,9d68820b99a1084ad66a52d3caf375d74a2757df8866cbbd56bf3a95ec9dde97,P790
p791@epilepsycare.in,6f5ea6f95fe3e1f648b0eea5787f3a9ba8a0c6587792f671cabbbc963e2fada9,P791
p792@epilepsycare.in,d10c3ca20e79ab210b58f01144e1785e4d8448ffda01ee54b6a83f424be54fe9,P792
p793@epilepsycare.in,d9bdf630bb4527f4d31d15021efcbe86f816a54a938818e6e68f83e26c1fa024,P793
p794@epilepsycare.in,09a4f7c4c44a3a2b2d7fb2d4e2d44ec1892427ec3f34481d83d927cd1bc6f7e5,P794
p795@epilepsycare.in,7de44cf2086ab7afc37086eb0ef22771c87f4db42f6a8b1d245f2ee39926dfc5,P795
p796@epilepsycare.in,0ccb4f1eccc8c483401b90a7dc098d0cc7478e96ed8e1a3391fa071fc35ab63b,P796
p797@epilepsycare.in,706e9fb4d788c8f2917cc28e2b19800d2e70b112350b8e5243df78cffbb07bb1,P797
p798@epilepsycare.in,f6ad5b810d2dca58b4d6a3f739c73bd33445270b3bf725df1c6b7621e4542c2c,P798
p799@epilepsycare.in,da08b214e185787acca5197019e43a298d3a8010e2ef1a047f28b0c3811d3223,P799
p800@epilepsycare.in,c06032c7d1461cd6e6bbed63c9f18a863124c8e1d3adbe1f048d462ac44f5f6d,P800
p801@epilepsycare.in,195cc0bf32fa03a6efe1a0228574580f39592cf241b4ffb4ed255f1c1322224e,P801
p802@epilepsycare.in,f073a0e5d6a02ad755c176b1e29d192796084c3e42bb4702ecff8a66c59aabd8,P802
p803@epilepsycare.in,110cf3f0336b170a51a5d55ba88414d004f4a979a69f367fd2a5eb1fa1b4fd7a,P803
p804@epilepsycare.in,04a136c3902c5cac3a20d9245c3760d1b678c5e1d9fa1273e8bc99d85fa8ebd0,P804
p805@epilepsycare.in,c41d03e79e0733b7d0372840a2f4635930b018090dd0b7c8c69d42bf5646224e,P805
p806@epilepsycare.in,ed99fb67fe961789937149fb3b76875d7fd3fd8de44acd1244f52eeb4ac839dd,P806
p807@epilepsycare.in,fcbce5d0ac3cced7b61759d98ddd0dbebb829b420343de2d86c81aa2e0beb1fc,P807
p808@epilepsycare.in,c11d32acb7be1446673d3ff4458b614b39edd3ec3c86ead0c57f20c5f55b4501,P808
p809@epilepsycare.in,65334696bba99de88ea08c628f0c0d5cccb6324adf03d42d40cb752158572f7a,P809
p810@epilepsycare.in,40ccc6e7107cdd96de2a1d865dd455fa285693ceae150dd63e68910775b922df,P810
p811@epilepsycare.in,45ef30e397ce3f2cff391e984efc3ca55109b635302b323ebaabccc8cfd28469,P811
p812@epilepsycare.in,0687e9df53ddba871fafd00df265a10d3a67c082526721aa67b764c6fc87fec7,P812
p813@epilepsycare.in,b589c0fbf6c598b139b44e6ca39be6e812fdb38f78110475ef45174011d5516d,P813
p814@epilepsycare.in,2b1af77e52b79806979ac7765877f8733dc22d894327e4383ee632968c790b13,P814
p815@epilepsycare.in,b527e3f3e38303103ba0ca35ce67caae861be402258e4aeedd59fea43b0e6967,P815
p816@epilepsycare.in,736ff90649802798c92abd537311364fdb2325a9dae8fc0c3675d9c6947ac59a,P816
p817@epilepsycare.in,c54f93edbe0a0c323f8bc26ed044384c5155f6328d33f7b9c488a78e1e6ca9d5,P817
p818@epilepsycare.in,33c15de5d855fbda1c1d6837af0c00cf7a9a7bdcf6011b346186df34da71ffe7,P818
p819@epilepsycare.in,9829890c768e1fa9a0cb0b5ef0d4ebef49668136678aff7a4a889bc27ac944e7,P819
p820@epilepsycare.in,1ec0236fd30b616eae9fd94cd1f445b4f279139f887f208042fec991826eb565,P820
p821@epilepsycare.in,1085c7fad0daa89433054320310f304b048e51eb4cb3785a5cb51b48ae3860ad,P821
p822@epilepsycare.in,f93a64430b236f6a7b1a183acca1d1e3c3adfec63a1e94000fb0cd4d90d37d32,P822
p823@epilepsycare.in,aa328ed305047384b75890dd94616751beae22044892a581ea25e2f053b1e43c,P823
p824@epilepsycare.in,aa5ed80a80c41f0ba32e07870e298c8cfbba4c8e82ec485beb9f1ec444b1f213,P824
p825@epilepsycare.in,a2c00c215e65bd6f0cf81e329199556ec3fb195d8b15f9879cdb3955264325c0,P825
p826@epilepsycare.in,91d9eebdc71be84d4f9ceef2c274a893e5fb4c1229c2bca003000b56f3997ea8,P826
p827@epilepsycare.in,1241b2a89aa3387f9bf65980872f414bc425dc6f911ed0fb973a519017327845,P827
p828@epilepsycare.in,78ad825c3371f854179f319870b906ee52353a35880e496be168a7da66c7b3da,P828
p829@epilepsycare.in,38d0c0f3f3c26c16e5fc75c455fd2e68e0f152bcc445def1adf53dbceeffd30f,P829
p830@epilepsycare.in,28f616161cb15b106707e74e0ef8d7c5679c5fbaa2cfbd56460cd8ba26ffa5fa,P830
p831@epilepsycare.in,20017db6fa95358fef944ba5327c2105d379abf1cd30eafe30a49ce6c9dde6fd,P831
p832@epilepsycare.in,454301a658c3239e5a46578be8ed5a621b2917736e8dd7707f6a66fff2228ffe,P832
p833@epilepsycare.in,adddb9f290b50ee8d707afb1983d100a19fc00caebc33626c75786ba0be8e343,P833
p834@epilepsycare.in,08e0ed4e36107036bb7cc0bc42b13974a4c89c8d9f983bf1126ba55faee1b3d0,P834
p835@epilepsycare.in,bae697dba6d185640423016b2070e122f2b2fa8a3874f636fd138393ca16f1f9,P835
p836@epilepsycare.in,79f384da77330da7e3e4d495a19a2751cc7908e8113603b6fc9f4418625dc2b2,P836
p837@epilepsycare.in,e0191c49dfacdaabb4753e94dc1a46da5d95d837b6948cc09e3ca2fabecd7bea,P837
p838@epilepsycare.in,c1e21123129e6fed0f22fdc766b368bb554276981274acce168abe9fe2f4a479,P838
p839@epilepsycare.in,b04679842fc9ab28e0d43a171b03d0a1d970ee2a7879dc1cbeaaf8ccdbcd10b2,P839
p840@epilepsycare.in,b7611ffe287c107319ac86929a18cdde8561f7c0556633e8229d562a11dab49e,P840
p841@epilepsycare.in,d20108fd31eb942e636e2b60012999b5b8ee230a0acb27354bf868c0120a96ad,P841
p842@epilepsycare.in,7d5e0b77efe1950c21ba87dd7c446491181b508f028d68a0bdb76d829964c667,P842
p843@epilepsycare.in,f54ed8edce89f8bdee18c4780cae7a75c5aa889358a5609db3a53f0927d4b7fb,P843
p844@epilepsycare.in,030015a54548c6d6de8516f1b415c93f6ea25a280eb3b623c3dd3d72a9ee7ef5,P844
p845@epilepsycare.in,50e09a4396e6e181f08cc30d52317bb2af6f94eb05b219f88f4e0c163384efbd,P845
p846@epilepsycare.in,c02f4c6b4804da138f4b6145de655f1294b67dc646fede637cb80e8c92566363,P846
p847@epilepsycare.in,052e461b4cf81be5ea4318b7b7ba4da5e18a7bbaf5374a8e13d14a890b927522,P847
p848@epilepsycare.in,5c8ec54eaeda5d5f3b71272fe811d75d60f5e454c3cdb24368ee1c9745a653bb,P848
p849@epilepsycare.in,9653788b99fe4d41003b9cb6e27fd579bce70f39d83201c5669effa00f012565,P849
p850@epilepsycare.in,57d75263938ea758f4711d90558f303ace0933a4807b35534db1ab221170f8cf,P850
p851@epilepsycare.in,d6e6296351138e00b7f79d7a03c3af47bb1f556e6252ac130b006b4416b72d3a,P851
p852@epilepsycare.in,1379153a2f43e0322790abfabaca6b0ca4afe8ab09ae4d7725fd928a3f601ec8,P852
p853@epilepsycare.in,264187c2359754f13f02c09feb5506a54a7654280e0904a53cfba073e841ecc4,P853
p854@epilepsycare.in,5db2142f3c3cb6b0284bbbe8505790bb2eb8c875cd75a709820ea9008da8e07b,P854
p855@epilepsycare.in,89b0a4f14ab51eb514d2717a670472b0f40e411c56dbf329264f91341e782101,P855
p856@epilepsycare.in,6b6bae97c8de9f5feeef68bee0b6f403497e76215f574d34211bc91e1007fa2b,P856
p857@epilepsycare.in,1f77ddd04691b9e8065bc9ab07fac09ec08f38fd3e238938e410046bd9e6e00a,P857
p858@epilepsycare.in,40323132a33fdc7aa18a3aca874a4674ee479b37d3aa9ba3595421733bb2d28e,P858
p859@epilepsycare.in,8f6d5f480e36aa6a3284d3785480f57acb8967fdf5eea66cad86ff542730dc8b,P859
p860@epilepsycare.in,17c8d4852427c1d180c3e32f60c60b137e0c7ea4f26d7b07df51520a8dff802d,P860
p861@epilepsycare.in,cdd177da4ab86aac0f9942b246e582caf82e6cc9ae8f00c59a43c129104615c3,P861
p862@epilepsycare.in,29885fd088d3770b266688e424248a3179f71b3bb6b9181cf003867e8d3f41f4,P862
p863@epilepsycare.in,2b0a483455ca0a7c5b23a218ac2fe493631b80820d42b89963f53e2bc0f3421e,P863
p864@epilepsycare.in,a0b92281955578ca9c35085cb9e71920cf2d17168475a7c82c0d28c44ba5292d,P864
p865@epilepsycare.in,b95bbeb6b9f8829833e6b58a03ef699d8b776d9cb5c274498d04f19dc305c6b7,P865
p866@epilepsycare.in,b6a85c3874e8f3f49ada5c4a3903d74442ef10711a3aa968609e62275fffb70c,P866
p867@epilepsycare.in,47795d81328f9be4e45ac2281c69e2f86b19edf23a22b38d7d0203cc69e7af26,P867
p868@epilepsycare.in,d30714dd57cf81e97809c4dbac2b02ec18a8dcc5cb3f812cbd433e9bd2c9ed87,P868
p869@epilepsycare.in,202c38e10867971cabf12d1e4fd6050562340485b0fa09f5ae0a3d4387d1ced7,P869
p870@epilepsycare.in,b2088c788c6a13740b7ef6632de7855e1dc8a40d2da80c78046db9cb1b751573,P870
p871@epilepsycare.in,cd64340e2e2c60cf412c2edad1c4ed0f722512df39a711d7a03f29c5e2a4b5ab,P871
p872@epilepsycare.in,3dd79fb02d72ff38686aafe228010b73231c8fe43d333ba503d3b5db8251e813,P872
p873@epilepsycare.in,cb3f2b0db7f70d68d050b3b064ecd56b788177fc7684396e5a506f1f092b8bee,P873
p874@epilepsycare.in,f4f60c6c99d0b100c2a3f5c444bf7b05d05dcd581ad4884c99eb0bba93a06d45,P874
p875@epilepsycare.in,c66e232da17613722e9862a5c7cd58f4833dd58905b38d8f92ed2f55d1f971d7,P875
p876@epilepsycare.in,8d06456a0a4fce57b6afe73badd269a2d1a5ebc352b3f01d0e43af6d82fe803a,P876
p877@epilepsycare.in,2ff267396171beeecd7a916aa014898840a19cc7263a0d9962d50348307c1396,P877
p878@epilepsycare.in,bf283febcc2be1032e66bb38b07aad4f9c5174aceb6fb08201c39f28c09c82e2,P878
p879@epilepsycare.in,ba1340e4fb10c2f101c1c6507ef6c9d5ad93090b83e31e5af03b61c81a3dd2a8,P879
p880@epilepsycare.in,9f8faddeb7c18f26f9fb37447e5e84c00efb1c880076b417ddcce6cb894d02e2,P880
p881@epilepsycare.in,cbf928bb6941359fa4f3e3e869f9c336282733096421a3369b32c3324f78c816,P881
p882@epilepsycare.in,ebce6f2da37157703f2264497225355ca25865d1f1fe0b9c372754a5887939b0,P882
p883@epilepsycare.in,8dcf946174c0bb408a0e490ddc91617747b7b765206933334b2dde081719470c,P883
p884@epilepsycare.in,eb641919503eb8ac3d575c658a79e347c3a0377d2bf87af5f3a15b3482e72a9f,P884
p885@epilepsycare.in,12fb2b9197b54d21df063811ea848b9fdcddf5779b46230e91fe3f0ae4e12e69,P885
p886@epilepsycare.in,dacc6833dce5498c189944431eb7663a8f9d48b50e6b7d26a3be833d751dd761,P886
p887@epilepsycare.in,aa22b5814fb9382a603050512f66a8c581c9799ac9d1f4cdbea893f61d22dd8f,P887
p888@epilepsycare.in,e3f625eaa6e8520d792b814000b2f81c59f92277b008e915a0a517070cf95b79,P888
p889@epilepsycare.in,1807a032adfb49819ec2aedf575a58ccdd49e4244555244a9ae2d3662664e250,P889
p890@epilepsycare.in,b21bf4a846ab4f864781bb183b97d257749f6e37b8818115a572c2c87cbb313b,P890
p891@epilepsycare.in,bd8ed86bd4295302d546bbf2e2aa97ae2d525f795f7a367ec96321566acad1a3,P891
p892@epilepsycare.in,dfcdd7eac02875a6ad9806339ca65d5ab4be44621f9e08ea5eab79157385e1b7,P892
p893@epilepsycare.in,fccd535c326388ae1aebcb5f1ced58ebff2d203c28dcba8d9dc89f699c2f4540,P893
p894@epilepsycare.in,96caaf448288de12b6b4d0087b047313bcb24f148047dad9f691b262efd9a814,P894
p895@epilepsycare.in,146ef822eb967fae650c1c685a773e99fa6194c20ac6adb5c9b6e2de6e7dcb59,P895
p896@epilepsycare.in,4bee08cf4d2cc5f032be203a1bb64c4f578e560cd6dceb4ca2f7dd4d075c7d08,P896
p897@epilepsycare.in,eecda7486f75632e61532e0e1a955ac1b50eb7f1530cae1a31706dee642887f8,P897
p898@epilepsycare.in,99373ba558ad58ec839b3f3e1a0abe7e9e425d7ba011bb807ecb2cc10d7cef23,P898
p899@epilepsycare.in,43521e0e629ccc4a1eebf5c78fe448300b441cfe7ed760da58f0a414fff5d28c,P899
p900@epilepsycare.in,011fcd9b4c280e583054a54afcf86a3857a5e1b1b3e4b87b93afad9eba261536,P900
p901@epilepsycare.in,5f156cea5a88d4935c21b161ac1ec2b90050e07f0d095649f3c19f73e2597854,P901
p902@epilepsycare.in,e033a1c1c2e6d536838a04c4681fc3414feae5b63a79f2d42656afb922e08cfa,P902
p903@epilepsycare.in,a06061ae3ae0d2f5b8d5761a402a6432129e61188abbe338d51d88850ec5c3bc,P903
p904@epilepsycare.in,ae399722442c6ffa91d0343b6edd1b572f4b769b099f7a8ca64c6d5e20708880,P904
p905@epilepsycare.in,bbb81c85dad7f163202e3f92cd3c8dfb0f18d7b4508fd5d0039123017f7e6617,P905
p906@epilepsycare.in,6bf925482277e50c6afe46d78adde1dba7ee9fabfb7bd09cdece1f220f59d031,P906
p907@epilepsycare.in,4f0d4bc904c28816827cd7333a901c1e8f80837386a2f6417efc1c62d296e137,P907
p908@epilepsycare.in,a1f08f840a5191c9e3153f6e69344dce24bbf7e70bbd205a99573d923b87b5a3,P908
p909@epilepsycare.in,ce2c67300521739c6c67969fadcca9286d0389bcd04728bd5aa1b8e3fe175ecf,P909
p910@epilepsycare.in,6e5079ff1766788807567b38503b45be47b21d80fa8ad06345f1fac62ac0ee93,P910
p911@epilepsycare.in,8cb36436d6e61044fb18335c4b4180f1d4c6b9e98a1e2757f07eb6399647be6c,P911
p912@epilepsycare.in,15adc94f599695afc9d00890821f0baa774d7b01a123b99a477fefb8ca36a33e,P912
p913@epilepsycare.in,5b50a0ec28a66a624c30e80278885e44f8d4ac9acb7a4e6f98f8c2c1627bf42a,P913
p914@epilepsycare.in,0da64cad1c7db9860d0db123e017c39ebfded7d4dd88145cea0e5b7316812fa8,P914
p915@epilepsycare.in,253541895af203860d231c12a3fc3d366f0e51b581b837e37bd8102af32b653a,P915
p916@epilepsycare.in,24b57815f9d5736f8754f482acfb4cfa91cd577ebde52889ab110cb3eb5c459a,P916
p917@epilepsycare.in,c7dfe618e4f9f13f784c8157e6efed2c9c849357caa453e457119a6630c3bc34,P917
p918@epilepsycare.in,1bb5a5189066921ca34a4ec6199f1087dd74a610bc3f327c9b94802830c2e8a1,P918
p919@epilepsycare.in,d6017e49b4aef8477d042adc5dbc049816de727500d274d7a13e60b9bf2f013c,P919
p920@epilepsycare.in,6053828ecfc86868884471652fa3558db970bcdc4e5d779175d6629ec5b53c2e,P920
p921@epilepsycare.in,fec0f3b80d46b0acd10a551478eb19d403a6b5d77963c32d3a05e5fea06d9648,P921
p922@epilepsycare.in,83be9a40f6c8e80a20d297bffa9354a59898e5275526e15441c108d34b727676,P922
p923@epilepsycare.in,464343cf7130795a75330e462063439e347e911bd2956e5b28d52d71534dc0da,P923
p924@epilepsycare.in,2ab36055908584c3dd5f4518358993e496371d72cbce475f9385523a820b2447,P924
p925@epilepsycare.in,58c32a5d115a6f48d536fd84fad6c5892d727c5ed2c7ec5e6f478d3d2888b98d,P925
p926@epilepsycare.in,c4d42ba8cbc4306ab34ee647b473f38b51d3eff05530de3a04a18f6983ab9137,P926
p927@epilepsycare.in,25795c2092daa701550027ac6a033173790f1967a25deb8953e2e6aac96fde86,P927
p928@epilepsycare.in,cc62b2d1270888687d0ffb922f15f914c5d74e12cc1026ab5c3bb9cbbc72479c,P928
p929@epilepsycare.in,ff2c1615b99c23e2e2d7be9fb5a85f92cbc3ed175fe4de92b13fdd6dbb2a59f3,P929
p930@epilepsycare.in,d5bce47d8a71f8acdd0f770c17a36bfc428441f88b3b6b9b877c444b2020c98d,P930
p931@epilepsycare.in,a3e16abb6ee3aa879a864ba6e2844348c7e797300f27361fdb5d5bb55ba4444e,P931
p932@epilepsycare.in,aac4fa4a1611fc58b1e41cda776c0d3914b19b28097f645c473a55f1458d419f,P932
p933@epilepsycare.in,2355016f9cdaac1ad8a38ab0e6efdc94eccd3338c3cab3fc9cfcf9a674094278,P933
p934@epilepsycare.in,4822eefd645afefe44de4d3c5f33d4c5cef7dd8fda7de85c001ef3c07c57bc7a,P934
p935@epilepsycare.in,f6fe9b8cc860724d5792cfef2068217285b4ebd0797b6920dbcfc60bcdc830ea,P935
p936@epilepsycare.in,57b0a564e06f176d23141c78b98e7c614d02137ccea7a79f76eb45052b0408e5,P936
p937@epilepsycare.in,f0200a70d9c8031d38792b2c0443049df4e222eb073be94c14ce1f210c07e26e,P937
p938@epilepsycare.in,5b472d3b836238a5b26005dbcaa2dd838ab6332ac1301204fc976428f7abdc59,P938
p939@epilepsycare.in,7acab5d2750cd59bbdb9171c723553a1c925218109225fe50ebb135fc161b83f,P939
p940@epilepsycare.in,5a12b4d1990f13b4219c5048ef3c0d666f33d202a91ca931c175a985cfdd3dd9,P940
p941@epilepsycare.in,51a09e831b101205ae6948b00643a37d683020bb3a96853a0901086838a2b4d9,P941
p942@epilepsycare.in,b76dd728d69feac6aa86037bac04423f9c7e2f8b7838e4b02a4b94ade781d7a8,P942
p943@epilepsycare.in,e5871ce74b32771c8aafc507903f0f411f81fc6195b42d6acb595fd30ffab5c8,P943
p944@epilepsycare.in,ed8470a0b22bf9c0e677167088bb65576afd9501874f1b45e949a05828c6ada5,P944
p945@epilepsycare.in,65757515bbb1b1d19d8a007521f1cf9073a03fd831e4e52a231b444189b9f2ce,P945
p946@epilepsycare.in,d6e49e51be836e8861de103d54ceaaf10755f2ffb952452383cf74a78cd3888e,P946
p947@epilepsycare.in,a82cb07b7d0dbc53ef2e8170e0d935c05b3031bbd06ba495d8db877128c83fc5,P947
p948@epilepsycare.in,2a9e0658f43b3db4db74e2db447520665a9d40c80cb32a2272215b7d5c5df83d,P948
p949@epilepsycare.in,a3b562bff0324fad3aa92d574597c69c60626255aff305f988afa3cb92f0954f,P949
p950@epilepsycare.in,b6c91d16d2113ce587a531377a6e4bad04f7590874660e40e71efc1fb1ba023e,P950
p951@epilepsycare.in,811ce7f58cacb1cb1e98e9f971ca7d4f8071c8556a7299f97774ea27169a9349,P951
p952@epilepsycare.in,3df88164ac41e6d9d24cb9110ffffcd912ebe2c18656eea9a5519a8c049831ec,P952
p953@epilepsycare.in,b4e1a01d9699b9d5a00f3a197fdfe7d7d35e249590247ff1e394efdb4bf749fb,P953
p954@epilepsycare.in,d3bd9e1e4d96c2067d88a8cf90971cabe84d1286afcd4d657793cfc97e4dabb1,P954
p955@epilepsycare.in,b5bbcb6ddd3be97fcd92126742b98147455018eb1836fbaa631d071c335a1f87,P955
p956@epilepsycare.in,2177c718c9755cc1704f1c36a18ff6ebe26e0a4869e405ab1b97f84053e2e5e9,P956
p957@epilepsycare.in,ad11b97417c309bb0cde3fed1fcc73fe276a8bb0b707e85cd2efec0a336b10fe,P957
p958@epilepsycare.in,22b8f99e447fb398da0b4144d4fff1f38f3177e64953619eb79637471ef2128c,P958
p959@epilepsycare.in,a84111183ae7c5cf78190d1dadb62952cc60e4f85ee0bc1bf51149bea6288af7,P959
p960@epilepsycare.in,9b3a991b178b1fc180fd18d857f854b4128bf91fb9d92ecf2a15d60f656d38a0,P960
p961@epilepsycare.in,da203d697d285f075e2480dde92d9e39fe1c7810855c136f8867321c77ef14ea,P961
p962@epilepsycare.in,794e91937220bce506729c84783d51c9f67be7e3315abf27535a6ee3099bbea2,P962
p963@epilepsycare.in,a1cbbbdd996be977c7eea6940c57e290258c96e5254f076bff5ff6d2b276ed22,P963
p964@epilepsycare.in,25b3537229f71c751c7d749bfa26f944378b732456d4b9f5ee2de550873f27d8,P964
p965@epilepsycare.in,114236f89f73af13d70a171e8c6fd7ddc2207b087cb481653e34a27d0c4df941,P965
p966@epilepsycare.in,cf12fed7e3777ab5d9c389ca5b8463d375964234a61bf9c19dd65f1bb458f0a8,P966
p967@epilepsycare.in,c2bb10535153538c92f335cda899613e4330564ae364c047bf8cfe1b02f51115,P967
p968@epilepsycare.in,d033c6803f1b5bf2d9430af0ad836bd336679171fa43443a1d0287d9fd451d1d,P968
p969@epilepsycare.in,60b0a661da00f7ea6ee84afe028e9920280daf8f46c838e8c9bda77756dd340f,P969
p970@epilepsycare.in,bedbb5bf8570b1b2f506b0ea7be8fe7c2791282880fa5f19baeb91db3b23e9b0,P970
p971@epilepsycare.in,8c2d51cb3763646cbcba64ae39f6b0042de7baa2e15bf86df0781c293c4e86cc,P971
p972@epilepsycare.in,67cbddf77c62a027afcbc421c8c56f3bcf5524c0c07347eb42e10a472264c767,P972
p973@epilepsycare.in,3ed90f30c9d522f16668c3d74a709a512780981090068eabf39c8094e2a8f6b9,P973
p974@epilepsycare.in,87f2879afab3e00b3286c83683ca43c894745d9fecf3ea8891a64948ca766de9,P974
p975@epilepsycare.in,3926250623b70306132662824571eb5017391fac1f0c27ef1241e90c0e04fe84,P975
p976@epilepsycare.in,4f4bf15526049569f133890264f95d725d57cbe8b7ab6191c07ff4ad98c37597,P976
p977@epilepsycare.in,5d7eac315538c4a6a33e6c5156a0870551ba0d7dfd004968bbaa03a2940b14fb,P977
p978@epilepsycare.in,081a7194ecaf86cd91aef4c02e91970155c198df94d7f487918be73353092ebe,P978
p979@epilepsycare.in,2cc40c65bd0741704fe1321527eba85088ae947b4a05a856c7adeb5bdab37f09,P979
p980@epilepsycare.in,04903070ffdfc04a857a6b170c09757b1ead657c6dfa24b3d93fd3101324d812,P980
p981@epilepsycare.in,9dc2d93c1cde6ca23329580a81eb0713a00956a202ac381b2496a73c62ec890d,P981
p982@epilepsycare.in,92f713d38d7ade67495f2170cc5f9deec6b642d8f3a1b83c0bafd3efbf7ff424,P982
p983@epilepsycare.in,e78f8e9592d9b7b29d1e4d6d75a38b4d070f0efb146a2d2f0325b4073ba12d73,P983
p984@epilepsycare.in,dcec52c8f9197354c4e944ebb23c9bde5901ed23a850835b4f5f6ad340440309,P984
p985@epilepsycare.in,8f26f164cb54fae5906b33f1dfe998a74fada0d3370d1b41cc8474fcdee94d1d,P985
p986@epilepsycare.in,f79df9ac118df205a6c415dd130e5855306b6fddb833459025e1e4d03a171f9e,P986
p987@epilepsycare.in,68d2f24b2f5abf42ea0eea624b0a3ca5e3bbd648d745210f9f6ac180a44dbd0a,P987
p988@epilepsycare.in,0eee0398591bf45e3acd77086b839fef5b10079a76742b002420c3eaa0fb6237,P988
p989@epilepsycare.in,ef9ec323cc004e4f5a43890ae8c40bd8f6ea48ba2844cf54a6cb9c885dd6d2a7,P989
p990@epilepsycare.in,e025bbb287d625c2eac1fa1bb1ad93cfbc4623e8d9627e0f39e6fe54486d7e53,P990
p991@epilepsycare.in,74ffae8df77e5e13ff70448d975a21403d1e4235cfb86b95d20412d5ccf15047,P991
p992@epilepsycare.in,c712ed4eadb223ebebecbe22ba23e07ca7ed6b966d45949e61145ab84097c47f,P992
p993@epilepsycare.in,929fa5dee7ca2a891e85491e7637a947ec93d35ba51a30268aa91fc192417374,P993
p994@epilepsycare.in,47184716d648bf5eb200c670aaa0a0b363810b2b48f5e29438e66d3388c7f1ac,P994
p995@epilepsycare.in,0feaa1d5b83ea06814e8b37dc200691508ce1ec7d6c133bac2687e1d6ce3f631,P995
p996@epilepsycare.in,107a26c756696a35d0909a1b54cb050b23add9731e548a8ea023597064466315,P996
p997@epilepsycare.in,050cefe87dc6297dea70c1279795bb4f82fcdf6ce811b787a8bd3abe721ea229,P997
p998@epilepsycare.in,8debf8285fcd0e873569fb0dd4dd0479e061a6a828851681e2fef2a68f2481eb,P998
p999@epilepsycare.in,79443cff5f8dffc2778fb2a841c862159d08cabdb262e53dd905810ac7b08c0a,P999
p1000@epilepsycare.in,8e230b0c3b0d681f2a387013f0a92a7a9ca0207f515174ddf565a4b1fc8d4598,P1000
p1001@epilepsycare.in,18991e3598f8b1207d0f3a97b551d8929fd1d9850234058503a10b91821568dc,P1001
p1002@epilepsycare.in,00241b91bed3b51d741ee3d7bc8b031a252556d0c4a4e3c82e21c47df1826bd7,P1002
p1003@epilepsycare.in,11ae9696a9b507e841ac33e69c7cc222425813e825591e5cab416559856be619,P1003
p1004@epilepsycare.in,05bea7beeb7890c8607af6742684152c8d23542722490690cf80c54f8bee91b9,P1004
p1005@epilepsycare.in,f361eb6f7a76c358aa490b665fac73bf76ab4a8784d4754497bbfa3b6893a572,P1005
p1006@epilepsycare.in,a42115883d0ee14a203335f53e5c9afd5652e677b2c7c9333ba6c3e55157c969,P1006
p1007@epilepsycare.in,bda8f17ffe290ccd73e42b7e57fe59519752cf4a07aee4a32820e5e684e6e78f,P1007
p1008@epilepsycare.in,5fc9347dcb87d5d9cc31a36b1d782a30926707d70b4cc811ffdf079e234dce22,P1008
p1009@epilepsycare.in,ab79b3b9889d420e4affce1de6e612e33b8bceae0ebc96106ba0915755e9080a,P1009
p1010@epilepsycare.in,c099497e847d4c888d76401350e1e17985fd76a2b6520662161c45cc01021e68,P1010
p1011@epilepsycare.in,ff36a478f66a5e56ddc45e669380c14c3b0b3556c59991f37c3d36d4fb940892,P1011
p1012@epilepsycare.in,fce71cdc826275b273ac47a08889359b3057a50b0ccf9532ec3337a0fc823d1d,P1012
p1013@epilepsycare.in,3163756f9bdb453f1b69c67109f043bbb335b1a08afe07792b7d5362a6edb50b,P1013
p1014@epilepsycare.in,56f4fe97ccc2a06d08a9f112a3d5b7eb52dfc86eb02081a87b2a6d2a4bff8016,P1014
p1015@epilepsycare.in,82fca279b15f1f07c04e779434a5e4ec1ecd7f8f8f1981cc45947bb9a631442e,P1015
p1016@epilepsycare.in,525d3149e361720637074b0f5e2c8427dca3d4839e4b127824819ff9ee5a0dc4,P1016
p1017@epilepsycare.in,871c7dcabc4b3a6ad0bcda36d9ace93723f6cb0821a77345699e6c75aa64746a,P1017
p1018@epilepsycare.in,6a62e92c564b2ba26849ca151a3bd9980cad33a5a5d240e2ed2a5038ef9f3d16,P1018
p1019@epilepsycare.in,7c06ca34bf25a9089e5fee43c97cc433c9dcb052a3d1be7afe42ef49f5905ff5,P1019
p1020@epilepsycare.in,4f36d2c62d45ff714f6e9d92ed08b8dd8e0856d681ced67942f49c0c14ce7a1f,P1020
p1021@epilepsycare.in,26645fd291730ac7818be4670c73b048589c6fdf2ff03434cad40cf311e7b9ff,P1021
p1022@epilepsycare.in,bd484735b6f4ff04f4c44be801b8bff0d1a34b984ffdd5452c0859badb769856,P1022
p1023@epilepsycare.in,fed1e09acd78dcd85de28360c78b8bae88fdbc42cdc56b06a913ea22dfe94ed4,P1023
p1024@epilepsycare.in,ac378ee30b4d1b5b1d10d0cd6607ad1fb903468fdf0f8e08984a8b4c5bd52f3f,P1024
p1025@epilepsycare.in,27f6cbe737fcc36ecc7932d35e0d8b7bec87861065ca68bcceb89093f0bfa00d,P1025
p1026@epilepsycare.in,d71f56c870d48bd4d57f3f49975ffbbb5e4d6e8de55362d757f10f8900d62e52,P1026
p1027@epilepsycare.in,8eace82f24ced01ae6787429249441fa61fdddc8f4171d8bebe38165adb49237,P1027
p1028@epilepsycare.in,05c6d42248b665dc5bb8641f26e7c746baeba4cc26c9066c0688d5a4f7001b0d,P1028
p1029@epilepsycare.in,9d6d7b19f10af9babb6f7fcaf3b64b1019509433bcbfe951b9ddfdd27af51fcd,P1029
p1030@epilepsycare.in,cebbfb58468c1776f9f13d8e959ff8fa48d98cdde8835ab7ce00946f83558412,P1030
p1031@epilepsycare.in,a671009943ab666f87c21531fa94a7ec30ff68401c09632ae03a33586c9d5d82,P1031
p1032@epilepsycare.in,eb6a9fda6dd7eb2194667dcadd885e353941fd533dccd7485a84c459b77dd299,P1032
p1033@epilepsycare.in,348ac7835f5c61987702aa820eeac33759868e15b3c2e62d64a4ad3050ad94ec,P1033
p1034@epilepsycare.in,ffc6529c6a8ba950d6b007d5a2086daca06afed02455c3c35212e49b863a4b81,P1034
p1035@epilepsycare.in,3375a18b80c12d7814890ded5e42e5aabc7922f325038f780ab08b2f333e686a,P1035
p1036@epilepsycare.in,8893dfc57365044f3a3e3ac0feecebf3575c3da99e137aed925645cd4b44cc3f,P1036
p1037@epilepsycare.in,a8dae88df93eb595d4b49c439b310c9eaa5c9316bb02c3a6ced9d6391b85516d,P1037
p1038@epilepsycare.in,01dd339260522f13228120fe873e49830ac972426d8a38e654769699c6abe9ef,P1038
p1039@epilepsycare.in,ef3ec6a7bba2b863a4dab4f918aec0934f33ced1752786427bf6105808e82ab9,P1039
p1040@epilepsycare.in,adb9332fe566f77e3af84e902fc5ce8c81ccac1dd7c3bb2fe5e7d924b6e3b8d8,P1040
p1041@epilepsycare.in,466f229bcc7ef80fa7acfa2001e041d615bcd80dac966285e90ea5e88a0bb5e6,P1041
p1042@epilepsycare.in,bf64b450df0bf71a940c3c89ba471c4e250c10d4976a1f69202dc1465dc5a5bf,P1042
p1043@epilepsycare.in,4c22e633dc6dca54279b6bc929b30ebdd796c38420d24c9d62bea44f588294ab,P1043
p1044@epilepsycare.in,a1e59ce33c50553a48634af16f2e43b1fe81119ccc40887012d2e4fb24ca5262,P1044
p1045@epilepsycare.in,08b16e062b7b5d46c153dc52093edf899a40dedf95a4a82099216f5693452e3b,P1045
p1046@epilepsycare.in,bb8670beabedf08b137fe298df0d30110d6d80ff648e73c1b0ade24c71a0e7cc,P1046
p1047@epilepsycare.in,a40c0ed969305a625ec814a3f18b09cb7a0e54398403055b2d93f8d585d52fef,P1047
p1048@epilepsycare.in,9540bc656be3c3a2cd4dbcc14443f071369eb23a1d158fbfeb82f0c5373fc4e3,P1048
p1049@epilepsycare.in,281973ada4bddedccbe319122b4d04c5d894a2793a1b8a9957438cdbe94e5b41,P1049
p1050@epilepsycare.in,3536065be1b786636cff4c0448c8ce63f633d069f6ffb089a7735aa9d80893e6,P1050
p1051@epilepsycare.in,0227a990ffe4611581d15d1b488efba01080491b1c02ff1c88b1aff5c63f2a0d,P1051
p1052@epilepsycare.in,796f804a4ea60be4bee7fac76a7c3b0471bb9967487a0d4210c4b73ba39604b2,P1052
p1053@epilepsycare.in,69c8658778a8d1c54d7fc106f3780884e466c02c3079d2488b071e91940c15db,P1053
p1054@epilepsycare.in,bcfdb904c6bd9ba4761016c08ec406137aac9ce94d3c179d1d982056a994bb7b,P1054
p1055@epilepsycare.in,9405ff1c50b0ad423dd805aa5a372f25bcbb3c84a83b8a6768c9b0db1fc25940,P1055
p1056@epilepsycare.in,08a7e1e4736122f4d0632f253028ba9d4b80a22f1ac4a2d8855a620f5e5fa28e,P1056
p1057@epilepsycare.in,cf708733728ed36740a0497d6e33724de4dc3cedd2b1fc8a3a94891660090819,P1057
p1058@epilepsycare.in,f2a93ddbdfea730e8be0e470f4a1718f8dc2b1915d5e893261b7173443232f84,P1058
p1059@epilepsycare.in,b638ddcd962c7f370bff91f1c3f7c8ca3c082c4533f11a5f50d4f4747ee3a930,P1059
p1060@epilepsycare.in,529967cf17568ba9b727288da691706e015a633a4ffe8e482c7e8fcc490a9ec2,P1060
p1061@epilepsycare.in,4d7bc26237dfa8cd0e918f1207a08780676de225e4fc1d327dec5b7d98badd55,P1061
p1062@epilepsycare.in,03e48f4f8e1a3c177f2bf63f296945ed1986fee40bf59f6e6e026fa416203b1d,P1062
p1063@epilepsycare.in,b77f36ecd892009879ba2379107c0f86e3ecdff7bddda005675bfa81d423253c,P1063
p1064@epilepsycare.in,2da9ae48b5c096948d9c75d3e43544744e6e7897bb8aafbe969414e0eb9ab9dc,P1064
p1065@epilepsycare.in,f3da667751feaea9a27c46af1f4ce2fdef69d5a6857a0eee6557917a2e1eb979,P1065
p1066@epilepsycare.in,8b3ba7cb909d0f34b0d2c3033aa7ddb1afeaf4d1ecfe122fb36e57831a4f36c8,P1066
p1067@epilepsycare.in,2e2c118f21d269c7011a47452e8496027f384d832594d8568a201d2b23c93b2e,P1067
p1068@epilepsycare.in,5e3cee45d64072e890fd735dcfa5313ae754cf068680ec46bbf47a18a19c76b4,P1068
p1069@epilepsycare.in,cc997def2c1d2b1e3a59d6382ceb6e379c9df84c2490cbd72873665e9205e8b3,P1069
p1070@epilepsycare.in,fb41cb12bc31814f0f0d601d3bac412d0b7cec327850b8ba0377e282db408cbd,P1070
p1071@epilepsycare.in,fa921e1637785efffc0b3008c6ec55b817252c7e0fbff1304e5c6f1664a89924,P1071
p1072@epilepsycare.in,d99c5c8c6716e25b4c5da509251124210ae5111e3fc66e7854d0b71f308c543f,P1072
p1073@epilepsycare.in,bb544783d67f621ddf95fbbea207e5cca680d3b55089d98f958a46b79f5d1efe,P1073
p1074@epilepsycare.in,9c3f977429e70bb06e1d29e0c9a3629316d5e0c1953f60f6c31cdfe7ba8c09b9,P1074
p1075@epilepsycare.in,f1d413d18a18a79c968bffe1ae1665fc5ef4738afa1a5c3e339513ce59cf6994,P1075
p1076@epilepsycare.in,cdb6e24fb43685578c97882d2f9023e9510a7319a961be36043310eb919d7b7b,P1076
p1077@epilepsycare.in,f1e0803f84e956ec32665ef588d89f8a1d2ce81b1bee98d65ba0022fdca2e12b,P1077
p1078@epilepsycare.in,a89981cdcf210b7f745bdee8dc56946897c4bfb51205ae33f42bbfffed22b136,P1078
p1079@epilepsycare.in,d88401457126bee69252463663a8aaab6e2d44b9f7f6ff1f0e92847258684559,P1079
p1080@epilepsycare.in,7fc1c27113ab162f67373833ffd71f72d7ebf26e971c084c24407a061424d7d0,P1080
p1081@epilepsycare.in,850432f67b28c8fa631330ab62c867717e677544bc08a4f502d220c6dafee1bd,P1081
p1082@epilepsycare.in,c98cd972fdc1ba67a412654fdd6225fd6758adc12d5ab9ea475f39b35f23ddaf,P1082
p1083@epilepsycare.in,77c02f99dccd79425353a5a898b298e756ec4364c558b10d3673e2c6fd3f340f,P1083
p1084@epilepsycare.in,438a84f381cef107189b51469c127168b3e3fdd64dfbd2062085bd8458d87b3e,P1084
p1085@epilepsycare.in,c30c9ed8d91ae4258548b33804a190f606bfacf9f61c0a59afef1cab2d6e0bbf,P1085
p1086@epilepsycare.in,c2576820b776d895873e89599bc22fe33a23de1563caef4f79ad10bc9bd8b2d3,P1086
p1087@epilepsycare.in,61e40b0e51d77246883a660c43635db39ad723f55565498c38d52f36ce8145dc,P1087
p1088@epilepsycare.in,1a3763847a7964407b3ffbf4c999fee7341b8f205b8c380fab429e5ae0742b5d,P1088
p1089@epilepsycare.in,1c99a4ce43388b75c83adab3abe62730b6549bdca7301750f69fdcb278a2cdd7,P1089
p1090@epilepsycare.in,ace2b09c4a8c37c78a28a84995fe825ac0195c2a79821a85c58a408cbbcf7c6c,P1090
p1091@epilepsycare.in,3ab9be082d8f3f917471d366c997930ff095f62dcfd8bff75e519b564607ace6,P1091
p1092@epilepsycare.in,e1d4b515df723a32dbbe17c9fbc6e54773beac63ae8190dce65cdcebe3dab98a,P1092
p1093@epilepsycare.in,30a79d3ba27a3c8c72e9a48e8914f19cc944240827fbc215944bbfcff0f07aac,P1093
p1094@epilepsycare.in,e8990126b7ec72a8ed758202419cae82f5ea1a56a8b836e35d949e14458a0e55,P1094
p1095@epilepsycare.in,581aa033299dd5ed853fe42b7270b6af3be911cfe5ac08ef46528fe1f21c1c9a,P1095
p1096@epilepsycare.in,44822add3a07955c2f2fb4ea71a255034ac9488cfc50e0d506b7e25ce656aaeb,P1096
p1097@epilepsycare.in,94cda033a9ff0372470ef94a4938860e5acc2febe29a1c8536c3c2edbcd6cc48,P1097
p1098@epilepsycare.in,38959169fa875bb20f70790a85be8ae7fe6e600b625908376c79a50349274cd4,P1098
p1099@epilepsycare.in,357fbfc1c70417ca7a5b741fb46bc6f3aaf2749c197c660dc8a8dd23d3a67474,P1099
p1100@epilepsycare.in,4b87bc8cc9a185205ba998ab614c5d0167b3009348ede4cacecc323a16a1c849,P1100
p1101@epilepsycare.in,9dbb87952757473bcf84566b29ab0ab34dfb9fb7137d1d7b19f427ec1aa3ac11,P1101
p1102@epilepsycare.in,b1c6fdbaab6fadb505c85cafdeac0141b172fd6bd7032f1e32e1490b4d7a07a3,P1102
p1103@epilepsycare.in,0798173e9fbc3ce56b5e9b0b2ed16fd43800fcafa88ff834f8589f15cef91d12,P1103
p1104@epilepsycare.in,6dfe8b0ad110f2cd47892ffac86f690cef91d855fbea3f011f277c9ad16ba877,P1104
p1105@epilepsycare.in,9d6b217121f6dcc7068306cb93cfb232e24bc397199dca896204df2874ce321b,P1105
p1106@epilepsycare.in,d5653506c793f780703088ff77272affbe1875318bcbc0ea9a85e4929fcf859b,P1106
p1107@epilepsycare.in,3801a4ed4c693c0c9e17edb5d101add97fc0bca6c271d4712f5342175d67674a,P1107
p1108@epilepsycare.in,d48e9a60a803d3d0e7618f934aa50666297ef6864dd72f65414a1fcc612b52e5,P1108
p1109@epilepsycare.in,67dc398d5a6ea48b7182af79f911096ed71c25dacb1f2db3026aba988dd0b75a,P1109
p1110@epilepsycare.in,91c94291e6a6d5e266f102cefeefc6fea4fb1a4c108607af3297912d858b0ef8,P1110
p1111@epilepsycare.in,b8fc4df5862130ad8d2052f3e7f1caa3f56590178d89b219113e8c406f28b841,P1111
p1112@epilepsycare.in,9e5c6251faf0acb1718d91e00efd0adf7448de3ffbc535ce5a209c9e830872ce,P1112
p1113@epilepsycare.in,f9a41d454780c21bb67435fee89d7331fe93410df36fa39d3191019d1f99ccea,P1113
p1114@epilepsycare.in,3af524a19c3b58046bbf01aadf03851a2907cd7b2ea9e453e0ae678b90a3414b,P1114
p1115@epilepsycare.in,5a2c07bfb5feb5268a2415e4e99fc07577a9e31baff7431c4d4db1a0a9b69308,P1115
p1116@epilepsycare.in,c7b62cc1d3f41f772e569577442e3eb1d4f426397522b1781e42ea4e572f1fd6,P1116
p1117@epilepsycare.in,f75469df979ac0ab32f4044e5da60f522d25a45877129c3ba31a3aa212edb25e,P1117
p1118@epilepsycare.in,b5fe0ea8c490c635a8de1a360fbf8495ef3f41deb4c479d99b1ac2a822a77819,P1118
p1119@epilepsycare.in,94275386988b5b64db8a500cb26492a76cc26f694d10834affefba385911036c,P1119
p1120@epilepsycare.in,6c91737d91d6dbbd42fdcadc689da052b287e0aef4af36f6c7ba9bf958bf641f,P1120
p1121@epilepsycare.in,e708dfa28ced5a1e65a8277f2713bd33d3dd19673c8730a93f8457dcc0a22810,P1121
p1122@epilepsycare.in,6d2237e8705396fd0a0adb8eb481d4054739dc6d657d82a9ba85368fc609b07c,P1122
p1123@epilepsycare.in,fd74d32ecd3814f387ac70b6a9365ab90cd0a4cdb7a537f6424a28a1620ddfc7,P1123
p1124@epilepsycare.in,ec157dcb086e647a58e41cb5f43aaa4228e51b61661b57322356faad7093f213,P1124
p1125@epilepsycare.in,81a433fd7cea25ab1de048d2a53283945c05a80b92f1c81304a829b898d06f5f,P1125
p1126@epilepsycare.in,b921da1c069abd2ee2751191a0759efc8b39e7149f29cbcdb3b68e0eb33ca467,P1126
p1127@epilepsycare.in,dc9cd34c09d4d149b4d74718c6a13db1c60de71465da2d68486c84d0509fcc3a,P1127
p1128@epilepsycare.in,0f840a6588182c59c63d37422348bfe126ea78ae8754d51e1f2d5615241732ee,P1128
p1129@epilepsycare.in,96db88eb32f4a38e61507c150e8ee9b833008c863f5d4b8c3f9c8aedb3a704f4,P1129
p1130@epilepsycare.in,6843a85124c001de08de0aabf12f2bb6da913df4f0a11eae3151a305e8d0a36d,P1130
p1131@epilepsycare.in,73eeb47110cd9ab7f79d57a24fce12f581d19214be076fb0e76432f4833ee16b,P1131
p1132@epilepsycare.in,fa47c2ef3c4081ee378d0bcefa8cbde3117bbe8110a64bf5dc74929495ed50cf,P1132
p1133@epilepsycare.in,7e5ee22593f509da1bed65b590ae22a1ea234ad962a1cc06b627786e411903b9,P1133
p1134@epilepsycare.in,715aa751fe0275802d06d3db552dd53fc2b29b07de2a33675ef41aaeddc40e30,P1134
p1135@epilepsycare.in,5fc3bb7d137287783c9f527b6131fa4694e9a54d5c56d4780abdbd97ccf1f9f4,P1135
p1136@epilepsycare.in,c8cfd009c21a49e5492a10c4fc8b64da51bcb2a8faaf3454ff7ad0096f0fcb27,P1136
p1137@epilepsycare.in,6e61af9e908cd270b478beaee4ddc6672bcf7444afe6cf7e33a6323a07c6f89e,P1137
p1138@epilepsycare.in,a077c31f2a0121ad96d7f0c91d961f18d7151605832afd25c641c613d8daa1a1,P1138
p1139@epilepsycare.in,0748f918e022ddedce891b25871e2082ee6b28cfcb231bd2da3b00a2e3562936,P1139
p1140@epilepsycare.in,7f7b52a4622cbadbb4400966051c0f72ded80c04a2f94dba49f25a4b73d82044,P1140
p1141@epilepsycare.in,afe366a4aef39ba8babcf6891887f6f1d8a057f1eb13ed272275111854601d26,P1141
p1142@epilepsycare.in,625126862208acc79c909cc0740ce5c518c4e3afccebc08f24275f5e46f97078,P1142
p1143@epilepsycare.in,3062b26716ef4bd3379a5abe7226aac73fa233d22b40a6a1fbfbbc2508479c63,P1143
p1144@epilepsycare.in,76779b578604a45bb5a28f5f1c3fc4c3f0c9242e2752a7e22b07038955a21f3c,P1144
p1145@epilepsycare.in,52468090244f4dbf544c5a721adb2258a47db0ab4c89aaea0087a0bf16c6845d,P1145
p1146@epilepsycare.in,a96adb7cc6a47f3f11228b97806c9a45b1aaa05c6a3f44357e55a4aaa98feeb5,P1146
p1147@epilepsycare.in,fde35b995938156539724df4841caf51bf2366a8ac096d7b6c96cbd7ce1535de,P1147
p1148@epilepsycare.in,f0987f14961fea0651b43c3e4a62dabe3eb59e05fd5482805dfedbf6d7b11637,P1148
p1149@epilepsycare.in,e21b6df3e1f864b4a948e0ca6de11f83ef539bb28935482276b827fa2326d22d,P1149
p1150@epilepsycare.in,494c45941514a492e3477d29808070eac2eb987af599bc0d99f23f61dc3281e1,P1150
p1151@epilepsycare.in,03eb9052b858eb78a39f472be22edf9257371ae83a265c51504efc8ee3788c96,P1151
p1152@epilepsycare.in,0b09aa7f70a630e8ad6e42560f6a07596af1959d870bbb6ddbaf4ef1b7bad07f,P1152
p1153@epilepsycare.in,102449adf59f69abe5b2d45f83cbaf31bb6664eea05f85fea1fe01f37e459a00,P1153
p1154@epilepsycare.in,07e1bbbdd90b04b2d06a47cec5ffee11f832548ddb957a36743388be1ff305f8,P1154
p1155@epilepsycare.in,8b86024ebee2e444581ef846ffb55a9de3161b4bab63ac134abf8dafa114350c,P1155
p1156@epilepsycare.in,65e5122fd97216c48c0caf19ebd3eee3461c14aafa1da759c893e394ce3c6401,P1156
p1157@epilepsycare.in,7df94de3c8c59ab1c228596ef3d99053134fe358c6425e542c557ec75f548b9a,P1157
p1158@epilepsycare.in,1ae1e09bc3998c8b8a584d39291142d699d5ef0744a3502c730262ce8b5d7403,P1158
p1159@epilepsycare.in,a8545f2a2afd4b64ece706905d97b62ba35f7abe859f7be8efe4bc5eb74b1405,P1159
p1160@epilepsycare.in,6f305e0a5fb3b744b750ed70446afe36e374f0c4c3ffaf2f32abcf053b634973,P1160
p1161@epilepsycare.in,d7aa0dab6ca2918d3a1e6713f8a593a71f1ff6438d00bc85e9b671a553e0c58e,P1161
p1162@epilepsycare.in,43d7ee54fe5d13163e8d72d66eabcb19c4ccce4a8a7fc670a4f2cd7a2b99a53e,P1162
p1163@epilepsycare.in,4ee126c34594fb33f15f9040d06de98165edc12605cbc19d5f8ac36d6e4103ca,P1163
p1164@epilepsycare.in,6a7f77ac3f1cc14a5a597b5f8fb35117e30cc4eb83ab3a4c894a46c8b8d37986,P1164
p1165@epilepsycare.in,a07ceef222ae4c79886674841fdc3f8af19b5d930c5a72c009ca75399978cabc,P1165
p1166@epilepsycare.in,9a70611fc5ddaa303942be3055cd69daa589164b2a11fd8438f4f66ce84b749a,P1166
p1167@epilepsycare.in,8e991e4b311b250991dc44f9ad215179ae822adf2769d70e7bba3c7351026798,P1167
p1168@epilepsycare.in,01dfd3065637b9df360c3a4ca699adf94f03d54096b24a6376802bb71fcb320a,P1168
p1169@epilepsycare.in,ce96c3ef152cd545e7168225e7e046e444e7f6e0d1f38563d4ebd4089377a408,P1169
p1170@epilepsycare.in,2a8871c7d23a64e9b27ee05f348a98fe58a767ae335a86baa2481f902284fb1a,P1170
p1171@epilepsycare.in,5a10732892ccffc498fde03a59ad64e84eabb0b37701b41ff00e9b123a330e1d,P1171
p1172@epilepsycare.in,8363ba32f0fcc33a18cd0aa719f673f0893bf83111bb4ab385ffa45957bb4047,P1172
p1173@epilepsycare.in,9ac9f06222382db22556e0dfd8aefe62bdf255cef34601140374ba55ea2640da,P1173
p1174@epilepsycare.in,0a6f822490c96e975f2f1c9dfcf75f1ea8ced786a6f069fb462e1a87b5414664,P1174
p1175@epilepsycare.in,07633fb430e32f69994b4046749785ddf30b7eb82f34310dbddf8048d940d8de,P1175
p1176@epilepsycare.in,a298b414194d9b412f5072456e6186955a242af7ffbb13a806395580ec2a16e4,P1176
p1177@epilepsycare.in,5fffb9cf7921950f53c0b0440aaf79323048c8e45a67704de29c8ef580bc4b09,P1177
p1178@epilepsycare.in,9d3a94e6cba6f815656a4bd55abd0a5191262720028881adee3d6dbe981f7c3c,P1178
p1179@epilepsycare.in,d8c615a4430b5437c40484ad7c2717e2a5a9bec68853be277b477e431132a2d1,P1179
p1180@epilepsycare.in,6a7bc1ad9d2de98bd46d79a8bd7476ff7548852c5bfad8111873bd95474b81da,P1180
p1181@epilepsycare.in,e8d7fd9ca19f881542d1ae14b76c5d03d801ebb94ee58ed4a3a3594951a72828,P1181
p1182@epilepsycare.in,3a9a8e02da73d234028956cc903cf22f8abbea7f3b7b218a88c2d33c79a29d5d,P1182
p1183@epilepsycare.in,e91266c364dc1ea699946bbde43d2d135d1c7d240cd6b6db750b219e85388006,P1183
p1184@epilepsycare.in,cae720b34e4de22aaef167f9c23a6a7a6ddc3cf39f0dd3d6bb7abd29de6a5f7c,P1184
p1185@epilepsycare.in,10cb465eeaedcd933532220ae1019748bbdd0727d3c74066fe4f0f4f3be7d03b,P1185
p1186@epilepsycare.in,4e82de7f5b5b858dbcd1e74aa653fb9661717ae21261fa65c51915d6264575ac,P1186
p1187@epilepsycare.in,680211c40bd1e991b28ea03871de8ea2b289c4687076802acc052920bc836d95,P1187
p1188@epilepsycare.in,2f71be56d00fbb40025d099212a25d89af0abeaa7f6eb71dac30a5062d4c030b,P1188
p1189@epilepsycare.in,c80c422a2bf5e638ecd5894c2645a4bd5394f2f93bef4b96ff11341e4c6e1fd8,P1189
p1190@epilepsycare.in,59d6575f5930fe54feb86313236155a09133268a45570e08b1683a0fe8715052,P1190
p1191@epilepsycare.in,32f41417671d96b4bbb9987db28a6760bba38a11a3185543b71192fe05d20672,P1191
p1192@epilepsycare.in,a770cd6ef3aecea39ff0c4d65f9ff79ebf2b59d87dda9a288c26489c01437e78,P1192
p1193@epilepsycare.in,1c4cb22bece9b0b5e4ae9e8d2cba20729b06d0cf4eaa0589a0db288f8ea67557,P1193
p1194@epilepsycare.in,f71c53d5e56fe944f072c7b1c7a1fff4902a20b87fe8cd8d6cec07b82f185b68,P1194
p1195@epilepsycare.in,f16ef14143b010a80c8eceb3ff49680165f46dab01676451673fb2f79e3b5320,P1195
p1196@epilepsycare.in,85e8435fe1cff8de71186cd056a047f7edb00f7ab2cfa30de4f4f24279f43639,P1196
p1197@epilepsycare.in,04368f1b00281b4c7cb0a92d2450701d9b813502b4951b145b27b53ca0c864af,P1197
p1198@epilepsycare.in,28b556965b9be15e1c146d4f370552b9f40177b11076c001dc42c24cb71ae9e8,P1198
p1199@epilepsycare.in,d1e99debec5b3db8c7e38646ee4452b517029c64b7af4760ff31576445573d56,P1199
p1200@epilepsycare.in,bb9dd6ceb072b765ff88f98a4ca1d09c8a9c89dd899cf691ae8d3c478a31c17e,P1200
p1201@epilepsycare.in,1d607fb323f676f61109f727616d0b78b0a1313503e564820557888755f05dee,P1201
p1202@epilepsycare.in,c63a934bad2c424618a5cf6a2fc7df2285f6d7b7d12e20a484556e52b0f5cf9c,P1202
p1203@epilepsycare.in,97c907d13cf0b7d44fe83c2431c285310f9384233b75bf0963b5ae4f507f84e1,P1203
p1204@epilepsycare.in,e8d13919d294aaae9bf4563848a8a4d3776bb27037c1145edabdcc4843a1b800,P1204
p1205@epilepsycare.in,ae72c6a4e151939b0fb2ce8818133329c5ca5a8d9554f949d7588aa541920238,P1205
p1206@epilepsycare.in,f8979c806df4dbacff54be65e58b5d05b732fdaf7b2e015cb1ee658dd990fcec,P1206
p1207@epilepsycare.in,b8f478643a1fc53c427c132bc882a6f5ac432660280cdb97d9e978ea8607dbbc,P1207
p1208@epilepsycare.in,2fe8f3cb5bf5dbbd27daa889e90bca46d7a9316a29d69717a2027526bd985d26,P1208
p1209@epilepsycare.in,09150194cd3a2fd38c645f92918a0485dc51b5afb0224a0e1d1c9e6df8345698,P1209
p1210@epilepsycare.in,cc31ddc96d5a313bee9b3b9722652cb1361a36bc3565ce65bc26a7d6ba421992,P1210
p1211@epilepsycare.in,091d244d79ec01cad205c1822d39edda7a47d404218225a9ae8e7b692581b888,P1211
